,original,antonyms
0,abhorring,admire
1,abhorring,cherish
0,abiding,ceasing
1,abiding,ending
0,abounding,empty
1,abounding,lacking
0,absorbing,boring
1,absorbing,repulsive
0,abutting,detached
1,abutting,divided
0,accommodating,greedy
1,accommodating,mean
0,according,different
1,according,dissimilar
0,aching,experienced
1,aching,healthy
0,acting,permanent
1,acting,
0,adjoining,detached
1,adjoining,divided
0,admiring,
1,admiring,
0,advancing,calm
1,advancing,complaisant
0,affecting,
1,affecting,
0,afflicting,acceptable
1,afflicting,bearable
0,affronting,aid
1,affronting,approve
0,aggravating,helpful
1,aggravating,agreeable
0,aging,
1,aging,
0,agreeing,
1,agreeing,
0,ailing,able
1,ailing,fit
0,aiming,ignore
1,aiming,neglect
0,airing,
1,airing,
0,alarming,comforting
1,alarming,
0,allthing,nothing
1,allthing,
0,alluring,repulsive
1,alluring,
0,almsgiving,hindrance
1,almsgiving,hurt
0,alternating,certain
1,alternating,stable
0,amazing,bad
1,amazing,believable
0,ambling,
1,ambling,run
0,amusing,bad
1,amusing,boring
0,angling,
1,angling,
0,animating,boring
1,animating,depressing
0,annoying,helpful
1,annoying,agreeable
0,antiquing,
1,antiquing,disclose
0,aping,
1,aping,
0,appalling,beautiful
1,appalling,calming
0,appealing,repulsive
1,appealing,
0,appeasing,antagonistic
1,appeasing,fighting
0,appraising,ignore
1,appraising,neglect
0,approaching,distant
1,approaching,later
0,arching,straight
1,arching,
0,arcing,compress
1,arcing,concentrate
0,arcking,compress
1,arcking,concentrate
0,arming,discourage
1,arming,dissuade
0,arresting,homely
1,arresting,normal
0,ascending,
1,ascending,
0,aspiring,
1,aspiring,
0,assaying,ignorance
1,assaying,neglect
0,assenting,disadvantageous
1,assenting,disagreeable
0,assuming,doubting
1,assuming,unassuming
0,assuring,impossible
1,assuring,unlikely
0,astonishing,homely
1,astonishing,insignificant
0,astounding,
1,astounding,
0,avenging,agreeable
1,avenging,friendly
0,awakening,destruction
1,awakening,suppression
0,awing,disregard
1,awing,expectation
0,awning,
1,awning,
0,babbling,
1,babbling,
0,backbreaking,easy
1,backbreaking,facile
0,backing,blockage
1,backing,hindrance
0,backlashing,accomplish
1,backlashing,achieve
0,backslapping,apathetic
1,backslapping,depressed
0,baffling,clear
1,baffling,comprehensible
0,bagging,
1,bagging,
0,baking,freezing
1,baking,
0,balancing,
1,balancing,
0,ballasting,use
1,ballasting,abstain
0,balloting,
1,balloting,
0,banding,
1,banding,
0,banging,calm
1,banging,peace
0,banning,allowance
1,banning,permission
0,bantling,adult
1,bantling,
0,baring,certainty
1,baring,safety
0,barking,
1,barking,
0,barnstorming,
1,barnstorming,
0,barring,
1,barring,
0,basting,
1,basting,
0,bathing,
1,bathing,
0,bating,aid
1,bating,assist
0,battening,let go
1,battening,loose
0,batting,compliment
1,batting,flattery
0,beading,deluge
1,beading,downpour
0,beaming,dull
1,beaming,frowning
0,bearding,
1,bearding,
0,bearing,
1,bearing,
0,beating,triumph
1,beating,victory
0,beckoning,boring
1,beckoning,disagreeable
0,becoming,improper
1,becoming,inappropriate
0,bedazzling,bore
1,bedazzling,clear up
0,bedding,
1,bedding,
0,bedmaking,
1,bedmaking,
0,befitting,imprecise
1,befitting,improper
0,begging,
1,begging,
0,beginning,conclusion
1,beginning,death
0,beguiling,repulsive
1,beguiling,
0,beholding,heedlessness
1,beholding,ignorance
0,behooving,
1,behooving,
0,being,abstract
1,being,deadness
0,believing,disbelieving
1,believing,doubtful
0,belling,
1,belling,
0,bellying,abridge
1,bellying,compress
0,belonging,dislike
1,belonging,hatred
0,belting,
1,belting,
0,belying,approve
1,belying,affirm
0,bemoaning,cheerful
1,bemoaning,easygoing
0,benching,aid
1,benching,assist
0,bending,straight
1,bending,unbent
0,benting,
1,benting,
0,berthing,ascend
1,berthing,take off
0,beseeching,repulsive
1,beseeching,
0,beseeming,imprecise
1,beseeming,improper
0,besetting,apathetic
1,besetting,indifferent
0,besieging,
1,besieging,
0,besotting,clear up
1,besotting,enlighten
0,bestowing,take
1,bestowing,deny
0,bettering,
1,bettering,
0,betting,certainty
1,betting,
0,bewailing,appreciating
1,bewailing,enjoying
0,bewildering,homely
1,bewildering,insignificant
0,bewitching,boring
1,bewitching,
0,billeting,turn away
1,billeting,
0,billing,secret
1,billing,
0,binding,optional
1,binding,inessential
0,bing,
1,bing,
0,binning,disperse
1,binning,spend
0,birching,encourage
1,birching,inspirit
0,biting,kind
1,biting,mild
0,bittering,aid
1,bittering,calm
0,blackening,bleach
1,blackening,compliment
0,blacking,aid
1,blacking,compliment
0,blading,
1,blading,
0,blaming,absolve
1,blaming,acquit
0,blanching,face
1,blanching,meet
0,blandishing,discourage
1,blandishing,dissuade
0,blanketing,free
1,blanketing,let go
0,blanking,encourage
1,blanking,fail
0,blasting,
1,blasting,
0,blazing,
1,blazing,
0,blazoning,conceal
1,blazoning,cover
0,bleaching,blacken
1,bleaching,darken
0,bleating,
1,bleating,
0,bleeding,cold
1,bleeding,cool
0,blenching,calm
1,blenching,face
0,blending,different
1,blending,dissimilar
0,blessing,criticism
1,blessing,bad fortune
0,blighting,kind
1,blighting,mild
0,blinding,concealed
1,blinding,dark
0,blinking,darkness
1,blinking,dullness
0,blistering,cold
1,blistering,cool
0,blithering,
1,blithering,
0,bloating,compress
1,bloating,contract
0,blocking,advantage
1,blocking,good fortune
0,bloodcurdling,
1,bloodcurdling,
0,bloodletting,mild
1,bloodletting,pleasant
0,bloodsucking,
1,bloodsucking,
0,blooming,barren
1,blooming,declining
0,blotting,advantage
1,blotting,benefit
0,blowing,
1,blowing,
0,blubbering,
1,blubbering,
0,bluestocking,bourgeois
1,bluestocking,common
0,blundering,adroit
1,blundering,artful
0,blushing,arrogant
1,blushing,bold
0,blustering,
1,blustering,
0,boasting,
1,boasting,
0,boating,
1,boating,
0,bobbing,
1,bobbing,
0,boding,
1,boding,
0,boiling,cold
1,boiling,cool
0,bolting,key
1,bolting,
0,bonding,let go
1,bonding,loosen
0,booking,
1,booking,
0,bookkeeping,
1,bookkeeping,
0,booming,disadvantageous
1,booming,failing
0,bootlegging,
1,bootlegging,
0,bordering,detached
1,bordering,separate
0,boring,bright
1,boring,current
0,borning,hold
1,borning,keep
0,borrowing,
1,borrowing,
0,bossing,lousy
1,bossing,terrible
0,bottling,
1,bottling,
0,bouldering,
1,bouldering,
0,bouncing,
1,bouncing,
0,bounding,detached
1,bounding,separate
0,bowing,straight
1,bowing,unbent
0,boxing,
1,boxing,
0,bracing,friendly
1,bracing,hot
0,bracketing,abstain
1,bracketing,condense
0,bragging,humble
1,bragging,modest
0,braiding,
1,braiding,
0,brainwashing,
1,brainwashing,
0,branching,joined
1,branching,
0,braving,surrender
1,braving,yield
0,brawling,calm
1,brawling,low
0,breaking,enduring
1,breaking,strong
0,breastfeeding,deprive
1,breastfeeding,neglect
0,breathing,breathless
1,breathing,dead
0,brewing,completed
1,brewing,ended
0,bricking,dig up
1,bricking,strip
0,bridging,
1,bridging,
0,bridling,aid
1,bridling,allow
0,briefing,
1,briefing,
0,brightening,
1,brightening,
0,bring,avoid
1,bring,disenchant
0,broiling,cold
1,broiling,cool
0,bronzing,
1,bronzing,
0,brooding,above
1,brooding,cheerful
0,browning,
1,browning,
0,browsing,
1,browsing,
0,bruising,delicate
1,bruising,frail
0,brushing,
1,brushing,
0,bubbling,dull
1,bubbling,
0,bucking,accord
1,bucking,agreement
0,budding,dying
1,budding,shrinking
0,buffing,
1,buffing,
0,bulling,
1,bulling,tell the truth
0,bullying,
1,bullying,
0,bullyragging,aid
1,bullyragging,assist
0,bumming,
1,bumming,
0,bumping,
1,bumping,
0,bungling,expert
1,bungling,
0,bunting,
1,bunting,
0,burning,cold
1,burning,cool
0,burnishing,dull
1,burnishing,tarnish
0,burring,note
1,burring,pay attention
0,burying,
1,burying,
0,bushing,exteriority
1,bushing,outside
0,bushwhacking,
1,bushwhacking,
0,bustling,fixed
1,bustling,inoperative
0,busying,ignore
1,busying,bore
0,butchering,peace
1,butchering,
0,buzzing,inactive
1,buzzing,
0,cabling,divide
1,cabling,loosen
0,cajoling,
1,cajoling,
0,calculating,foolish
1,calculating,honest
0,calling,avocation
1,calling,entertainment
0,canning,
1,canning,
0,canoeing,
1,canoeing,
0,canting,
1,canting,
0,capering,seriousness
1,capering,
0,capping,auxiliary
1,capping,beginning
0,captivating,boring
1,captivating,repulsive
0,carding,conceal
1,carding,deny
0,careering,lose
1,careering,slow
0,caressing,agitated
1,caressing,boisterous
0,caretaking,
1,caretaking,
0,carking,calm
1,carking,easy
0,carousing,chore
1,carousing,task
0,carpentering,conclude
1,carpentering,decrease
0,carpeting,
1,carpeting,
0,carping,complimentary
1,carping,forgiving
0,carrying,
1,carrying,
0,carving,lack
1,carving,science
0,casing,
1,casing,
0,casting,catch
1,casting,keeping
0,castling,stagnation
1,castling,
0,catching,
1,catching,
0,caterwauling,bland
1,caterwauling,bright
0,catting,bury
1,catting,cover
0,causing,
1,causing,
0,caviling,commendatory
1,caviling,complimentary
0,centering,division
1,centering,parting
0,chaffing,straight
1,chaffing,sincere
0,chambering,lay bare
1,chambering,let out
0,changeling,being
1,changeling,entity
0,channeling,hold
1,channeling,keep
0,chanting,
1,chanting,
0,charging,appreciating
1,charging,enjoying
0,charming,bad
1,charming,boring
0,charting,
1,charting,
0,chasing,
1,chasing,
0,chattering,close-mouthed
1,chattering,quiet
0,chatting,be quiet
1,chatting,
0,cheating,frankness
1,cheating,honesty
0,cheering,hopeless
1,cheering,unpromising
0,cherishing,
1,cherishing,
0,chiding,complimentary
1,chiding,encouraging
0,childbearing,barren
1,childbearing,infertile
0,childing,barren
1,childing,impotent
0,chilling,
1,chilling,
0,chinking,
1,chinking,
0,chipping,fix
1,chipping,mend
0,chirping,conceal
1,chirping,
0,chitterling,
1,chitterling,
0,choking,breathy
1,choking,calm
0,chopping,join
1,chopping,unite
0,christening,
1,christening,
0,chucking,allow
1,chucking,approve
0,churchgoing,irreligious
1,churchgoing,
0,churning,calm
1,churning,harmony
0,circling,
1,circling,
0,cladding,
1,cladding,
0,clamming,allow
1,clamming,encourage
0,clanking,
1,clanking,
0,clapping,blame
1,clapping,censure
0,clasping,let go
1,clasping,loosen
0,cleaning,
1,cleaning,
0,cleansing,
1,cleansing,
0,cleaving,close
1,cleaving,combine
0,climbing,
1,climbing,
0,cling,loose
1,cling,loosen
0,clinking,quiet
1,clinking,
0,clipping,whole
1,clipping,
0,cloaking,reality
1,cloaking,truth
0,clodhopping,delicate
1,clodhopping,gentle
0,clouding,brightness
1,clouding,cognizance
0,cloying,
1,cloying,
0,clubbing,
1,clubbing,
0,clustering,division
1,clustering,parting
0,coaching,ignorance
1,coaching,destruction
0,coasting,
1,coasting,
0,coating,
1,coating,
0,coaxing,dry
1,coaxing,hateful
0,cobbing,begin
1,cobbing,disregard
0,cobbling,break
1,cobbling,demolish
0,cockcrowing,sunset
1,cockcrowing,
0,cocking,
1,cocking,
0,cockling,smoothness
1,cockling,
0,coiling,straight
1,coiling,
0,coining,
1,coining,
0,colling,let go
1,colling,loosen
0,coloring,
1,coloring,
0,combing,disorder
1,combing,disorganize
0,combining,
1,combining,
0,comforting,aggravating
1,comforting,depressing
0,coming,distant
1,coming,away
0,commanding,humble
1,commanding,ineffective
0,communicating,conceal
1,communicating,hide
0,commuting,
1,commuting,
0,compassing,freedom
1,compassing,infinity
0,compelling,discretional
1,compelling,elective
0,compensating,
1,compensating,
0,compounding,decrease
1,compounding,loss
0,compromising,delightful
1,compromising,easy
0,concerning,
1,concerning,
0,conciliating,incite
1,conciliating,irritate
0,concluding,
1,concluding,
0,concurring,dissenting
1,concurring,negative
0,condemning,complimentary
1,condemning,encouraging
0,condescending,approachable
1,condescending,friendly
0,condoling,hard
1,condoling,
0,conducing,block
1,conducing,decrease
0,confessing,conceal
1,confessing,contradict
0,confiding,careless
1,confiding,cold
0,confining,
1,confining,
0,confirming,dissenting
1,confirming,negative
0,conflicting,consonant
1,conflicting,harmonious
0,confounding,
1,confounding,
0,conning,
1,conning,
0,conquering,
1,conquering,
0,consenting,
1,consenting,
0,considering,
1,considering,
0,consoling,aggravating
1,consoling,depressing
0,conspiring,aboveboard
1,conspiring,honest
0,constraining,discretional
1,constraining,elective
0,consulting,
1,consulting,
0,consuming,
1,consuming,
0,contemning,admire
1,contemning,approve
0,contending,agreeing
1,contending,cooperating
0,converging,distant
1,converging,away
0,converting,leave alone
1,converting,stagnate
0,cooing,
1,cooing,
0,cooking,
1,cooking,
0,cooling,boring
1,cooling,depressing
0,coping,
1,coping,
0,copping,free
1,copping,let go
0,cording,
1,cording,
0,corking,aid
1,corking,allow
0,correcting,
1,correcting,
0,corresponding,dissimilar
1,corresponding,unalike
0,corroding,kind
1,corroding,nice
0,corrupting,helpful
1,corrupting,purifying
0,costing,
1,costing,
0,costuming,bare
1,costuming,disrobe
0,couching,
1,couching,
0,counteracting,damaging
1,counteracting,harmful
0,coupling,separation
1,coupling,
0,coursing,
1,coursing,
0,covenanting,disagreement
1,covenanting,denial
0,covering,
1,covering,
0,coveting,comfortable
1,coveting,content
0,cozening,honesty
1,cozening,truthfulness
0,crabbing,
1,crabbing,
0,cracking,enduring
1,cracking,strong
0,crackling,
1,crackling,
0,cradling,abandon
1,cradling,ignore
0,craving,disgust
1,craving,dislike
0,crawling,
1,crawling,
0,creasing,
1,creasing,
0,creeping,standing
1,creeping,upright
0,cresting,fall
1,cresting,hit bottom
0,cribbing,return
1,cribbing,original
0,crimping,straighten
1,crimping,
0,cringing,
1,cringing,
0,crippling,advantageous
1,crippling,aiding
0,crisping,straighten
1,crisping,
0,crocheting,
1,crocheting,
0,crooning,
1,crooning,
0,crosscutting,
1,crosscutting,
0,crossing,
1,crossing,
0,crouching,
1,crouching,
0,crowing,humble
1,crowing,modest
0,crumpling,flatten
1,crumpling,rise
0,crunching,
1,crunching,
0,crushing,calm
1,crushing,easy
0,crutching,undermine
1,crutching,weaken
0,crying,
1,crying,
0,culling,
1,culling,
0,cunning,aboveboard
1,cunning,blunt
0,cupping,join
1,cupping,
0,curbing,
1,curbing,
0,curing,
1,curing,
0,curling,straight
1,curling,uncurled
0,curtaining,let go
1,curtaining,expose
0,cutting,calm
1,cutting,gentle
0,cycling,
1,cycling,
0,dabbling,professional
1,dabbling,
0,dallying,diligent
1,dallying,eager
0,damning,
1,damning,
0,damping,dehydrate
1,damping,dry
0,dancing,disobedient
1,dancing,controlling
0,dandling,work
1,dandling,
0,dangling,
1,dangling,
0,daring,afraid
1,daring,careful
0,darkening,lighten
1,darkening,clear up
0,darling,
1,darling,
0,darning,
1,darning,
0,darting,crawling
1,darting,creeping
0,dashing,apathetic
1,dashing,dull
0,dating,
1,dating,
0,daubing,clean
1,daubing,cleanse
0,daunting,beautiful
1,daunting,calming
0,dawdling,believing
1,dawdling,bold
0,dawning,darkness
1,dawning,sunset
0,dayspring,sunset
1,dayspring,darkness
0,deadening,exciting
1,deadening,stimulating
0,deafening,quiet
1,deafening,silent
0,dealing,unemployment
1,dealing,
0,debating,agree
1,debating,endorse
0,deceiving,actual
1,deceiving,authentic
0,decking,plain
1,decking,unembellished
0,decreasing,improving
1,decreasing,increasing
0,deepening,
1,deepening,
0,deeping,broken
1,deeping,discontinuous
0,defacing,
1,defacing,
0,defiling,holy
1,defiling,pious
0,degrading,
1,degrading,
0,delaying,advancing
1,delaying,
0,delighting,bad
1,delighting,inadequate
0,deluding,aboveboard
1,deluding,forthright
0,demanding,easy
1,demanding,facile
0,demurring,bold
1,demurring,careless
0,depending,free
1,depending,independent
0,depressing,bright
1,depressing,cheerful
0,descending,
1,descending,
0,deserving,undeserving
1,deserving,unworthy
0,designing,aboveboard
1,designing,honest
0,desolating,befriended
1,desolating,bright
0,despairing,cheerful
1,despairing,encouraged
0,desponding,
1,desponding,
0,devastating,blessed
1,devastating,fortunate
0,deviling,angel
1,deviling,god
0,devouring,
1,devouring,
0,dialing,
1,dialing,
0,dicing,reveal
1,dicing,tell all
0,digging,
1,digging,
0,ding,aid
1,ding,assist
0,dining,
1,dining,
0,dipping,
1,dipping,
0,disappearing,
1,disappearing,
0,disappointing,agreeable
1,disappointing,encouraging
0,disbelieving,believing
1,disbelieving,trusting
0,discerning,idiotic
1,discerning,ignorant
0,discharging,
1,discharging,
0,discomforting,
1,discomforting,
0,discomposing,agreeable
1,discomposing,auspicious
0,disconcerting,clear
1,disconcerting,easy
0,discontenting,please
1,discontenting,
0,discording,agree
1,discording,harmonize
0,discouraging,bright
1,discouraging,cheerful
0,discriminating,open
1,discriminating,uncritical
0,disguising,back
1,disguising,character
0,disgusting,agreeable
1,disgusting,beautiful
0,disheartening,beautiful
1,disheartening,calming
0,disinteresting,please
1,disinteresting,appeal
0,disliking,agreeable
1,disliking,friendly
0,disobliging,accommodating
1,disobliging,agreeable
0,disparaging,complimentary
1,disparaging,favorable
0,displeasing,
1,displeasing,
0,disquieting,calming
1,disquieting,pleasing
0,dissecting,cursory
1,dissecting,chaotic
0,dissenting,appreciating
1,dissenting,enjoying
0,dissolving,enactment
1,dissolving,validation
0,distilling,dirty
1,distilling,pour
0,distinguishing,
1,distinguishing,
0,distressing,cheerful
1,distressing,delightful
0,disturbing,agreeable
1,disturbing,auspicious
0,divaricating,agreement
1,divaricating,equality
0,diverging,centripetal
1,diverging,
0,diverting,
1,diverting,
0,dividing,attachment
1,dividing,union
0,diving,ascent
1,diving,increase
0,divining,
1,divining,
0,doddering,agile
1,doddering,young
0,doing,cessation
1,doing,failure
0,domineering,democratic
1,domineering,humble
0,doting,disliking
1,doting,ignorance
0,dotting,
1,dotting,
0,doubling,decline
1,doubling,decrease
0,doubting,
1,doubting,
0,downpouring,collect
1,downpouring,gather
0,downsliding,
1,downsliding,
0,downswing,ascent
1,downswing,development
0,drafting,
1,drafting,
0,dragging,exciting
1,dragging,interesting
0,dratting,
1,dratting,
0,drawing,
1,drawing,
0,drawling,active
1,drawling,intelligent
0,dredging,
1,dredging,
0,drenching,
1,drenching,
0,dressing,
1,dressing,
0,dressmaking,
1,dressmaking,
0,drifting,aground
1,drifting,ashore
0,drilling,calm
1,drilling,kind
0,drinking,
1,drinking,
0,dripping,fresh
1,dripping,neat
0,driving,inactive
1,driving,
0,drooping,upright
1,drooping,
0,dropping,above
1,dropping,cheerful
0,drubbing,
1,drubbing,
0,drumming,calm
1,drumming,calmness
0,drying,damp
1,drying,full
0,dubbing,
1,dubbing,
0,ducking,
1,ducking,
0,dueling,accept
1,dueling,agree
0,dumping,
1,dumping,
0,dumpling,adult
1,dumpling,adolescent
0,dusting,
1,dusting,
0,dwarfling,giant
1,dwarfling,
0,dwelling,
1,dwelling,
0,dying,permanent
1,dying,creating
0,dynamiting,fix
1,dynamiting,help
0,earning,
1,earning,giving
0,earring,plainness
1,earring,
0,earsplitting,low
1,earsplitting,soft
0,earthling,
1,earthling,
0,easing,
1,easing,
0,easygoing,agitated
1,easygoing,deliberate
0,eating,
1,eating,
0,eavesdropping,incurious
1,eavesdropping,indifferent
0,edging,center
1,edging,inside
0,edifying,
1,edifying,
0,egging,discourage
1,egging,dissuade
0,eking,
1,eking,
0,electroplating,
1,electroplating,
0,elevating,
1,elevating,
0,embarrassing,convenient
1,embarrassing,easy
0,embossing,
1,embossing,
0,embracing,
1,embracing,
0,enameling,
1,enameling,
0,enchanting,disagreeable
1,enchanting,boring
0,encouraging,hopeless
1,encouraging,unpromising
0,endearing,
1,endearing,
0,ending,beginning
1,ending,opening
0,enduring,
1,enduring,
0,enfilading,disperse
1,enfilading,distribute
0,engaging,boring
1,engaging,disagreeable
0,engraving,
1,engraving,
0,engrossing,boring
1,engrossing,repellent
0,enjoying,cold
1,enjoying,cool
0,enlarging,shrinking
1,enlarging,
0,enlightening,
1,enlightening,
0,enlivening,boring
1,enlivening,unstimulating
0,ennobling,condemn
1,ennobling,denounce
0,enriching,
1,enriching,
0,enring,free
1,enring,let go
0,ensnaring,fair
1,ensnaring,honest
0,entangling,clarify
1,entangling,clear up
0,entering,outgoing
1,entering,
0,enterprising,cowardly
1,enterprising,inactive
0,entertaining,bad
1,entertaining,boring
0,enthralling,boring
1,enthralling,repulsive
0,enticing,boring
1,enticing,
0,entrancing,boring
1,entrancing,
0,entreating,repulsive
1,entreating,
0,envying,delightful
1,envying,likeable
0,equaling,different
1,equaling,dissimilar
0,equalizing,aid
1,equalizing,assist
0,equalling,differ
1,equalling,fail
0,erecting,disarrangement
1,erecting,truth
0,erring,
1,erring,
0,etching,
1,etching,
0,evening,daybreak
1,evening,sunrise
0,everlasting,brief
1,everlasting,ending
0,exacting,careless
1,exacting,easy
0,exaggerating,compress
1,exaggerating,contract
0,examining,incurious
1,examining,unconcerned
0,exasperating,helpful
1,exasperating,convenient
0,exceeding,inferior
1,exceeding,
0,excepting,
1,excepting,
0,exciting,boring
1,exciting,dull
0,exclaiming,conceal
1,exclaiming,hide
0,excluding,
1,excluding,
0,excruciating,calm
1,excruciating,dull
0,excusing,rigid
1,excusing,stern
0,exhausting,easy
1,exhausting,
0,exhilarating,boring
1,exhilarating,depressing
0,expanding,
1,expanding,
0,expiring,be born
1,expiring,begin
0,explaining,charge
1,explaining,indictment
0,exploring,
1,exploring,
0,expostulating,agree
1,expostulating,
0,extending,
1,extending,
0,extenuating,
1,extenuating,
0,extruding,
1,extruding,
0,eying,forget
1,eying,neglect
0,facing,
1,facing,
0,fading,
1,fading,
0,fagging,build
1,fagging,develop
0,failing,adequate
1,failing,enough
0,fainting,clear
1,fainting,slow
0,fairing,forfeit
1,fairing,loss
0,falling,improving
1,falling,increasing
0,faltering,agile
1,faltering,young
0,fanning,
1,fanning,
0,farcing,
1,farcing,
0,faring,fail
1,faring,mismanage
0,farming,destruction
1,farming,
0,farseeing,
1,farseeing,
0,farthing,
1,farthing,
0,fascinating,boring
1,fascinating,repellent
0,fastening,
1,fastening,
0,fasting,drunkenness
1,fasting,excess
0,faultfinding,praising
1,faultfinding,
0,faulting,continue
1,faulting,fix
0,favoring,bad
1,favoring,disadvantageous
0,fawning,aloof
1,fawning,cool
0,feathering,conceal
1,feathering,condemn
0,feeding,
1,feeding,
0,feeling,insensitivity
1,feeling,concrete
0,feigning,forthright
1,feigning,frank
0,felling,raise
1,felling,aid
0,felting,explain
1,felting,straighten
0,fencing,
1,fencing,
0,ferreting,give
1,ferreting,offer
0,fetching,repulsive
1,fetching,repellent
0,fiddling,cleanliness
1,fiddling,cleanness
0,fidgeting,calm
1,fidgeting,collected
0,fighting,kind
1,fighting,nice
0,filching,
1,filching,
0,filling,exteriority
1,filling,outside
0,filtering,bad manners
1,filtering,corruption
0,finding,
1,finding,
0,fingering,ignore
1,fingering,manhandle
0,finicking,uncritical
1,finicking,accepting
0,fining,bad
1,fining,common
0,finishing,
1,finishing,
0,firing,noncombustible
1,firing,
0,fitting,improper
1,fitting,incorrect
0,fixing,
1,fixing,
0,flagging,energized
1,flagging,refreshed
0,flaming,dull
1,flaming,gleeful
0,flanking,centered
1,flanking,central
0,flaring,dark
1,flaring,dim
0,flashing,dark
1,flashing,dim
0,flattening,lose
1,flattening,blow up
0,flattering,
1,flattering,
0,flaunting,
1,flaunting,
0,flavoring,
1,flavoring,
0,fledgling,expert
1,fledgling,professional
0,fleering,compliment
1,fleering,praise
0,fleeting,enduring
1,fleeting,lasting
0,flickering,
1,flickering,
0,flighting,face
1,flighting,meet
0,flinching,advance
1,flinching,face
0,fling,
1,fling,
0,flirting,
1,flirting,
0,flitting,
1,flitting,
0,floating,submerged
1,floating,sunk
0,flocking,division
1,flocking,parting
0,flogging,
1,flogging,
0,flooding,
1,flooding,
0,floodlighting,dull
1,floodlighting,extinguish
0,flooring,
1,flooring,
0,flouncing,
1,flouncing,
0,floundering,adroit
1,floundering,artful
0,flourishing,declining
1,flourishing,failing
0,flouting,approval
1,flouting,commendation
0,flowering,
1,flowering,
0,flowing,empty
1,flowing,needy
0,flushing,arrogant
1,flushing,bold
0,fluting,closure
1,fluting,denial
0,fluttering,burdensome
1,fluttering,close
0,flying,
1,flying,
0,foaming,flat
1,foaming,
0,foiling,
1,foiling,
0,folding,
1,folding,
0,following,front
1,following,preceding
0,fondling,
1,fondling,
0,fooling,seriousness
1,fooling,
0,footing,top
1,footing,
0,forbearing,violent
1,forbearing,wild
0,forbidding,nice
1,forbidding,agreeable
0,forcing,kind
1,forcing,nice
0,fording,remain
1,fording,stay
0,foreboding,fortune
1,foreboding,good omen
0,forecasting,
1,forecasting,
0,forefeeling,calculate
1,forefeeling,disbelieve
0,foregoing,after
1,foregoing,
0,foreknowing,calculate
1,foreknowing,disbelieve
0,forewarning,
1,forewarning,
0,forgetting,attentive
1,forgetting,aware
0,forging,
1,forging,
0,forgiving,
1,forgiving,
0,forthcoming,remote
1,forthcoming,bygone
0,fortifying,friendly
1,fortifying,hot
0,fortunetelling,reality
1,fortunetelling,
0,forwarding,block
1,forwarding,check
0,fostering,
1,fostering,
0,fouling,sterility
1,fouling,cleanliness
0,founding,
1,founding,
0,foundling,
1,foundling,
0,fowling,
1,fowling,
0,foxing,
1,foxing,
0,framing,
1,framing,
0,fraying,please
1,fraying,sew
0,frazzling,invigorate
1,frazzling,mend
0,freckling,collect
1,freckling,gather
0,freebooting,
1,freebooting,
0,freeing,
1,freeing,
0,freethinking,godly
1,freethinking,religious
0,freezing,amicable
1,freezing,friendly
0,frenching,
1,frenching,
0,fretting,appreciating
1,fretting,enjoying
0,fribbling,hasten
1,fribbling,hoard
0,frightening,comforting
1,frightening,
0,frilling,darken
1,frilling,dull
0,fringing,miss
1,fringing,keep
0,frisking,
1,frisking,
0,frizzing,
1,frizzing,
0,frocking,ignore
1,frocking,refuse
0,fronting,agreeing
1,fronting,similar
0,frosting,
1,frosting,
0,frothing,flat
1,frothing,dull
0,frowning,
1,frowning,
0,fruiting,begin
1,fruiting,commence
0,fulgurating,
1,fulgurating,
0,fulminating,calm
1,fulminating,controlled
0,fuming,dark
1,fuming,dim
0,furnishing,
1,furnishing,
0,furring,
1,furring,
0,gadding,
1,gadding,
0,gaining,destitute
1,gaining,disadvantageous
0,galling,agreeable
1,galling,pleasant
0,galloping,slow
1,galloping,crawling
0,gambling,
1,gambling,
0,gaming,
1,gaming,
0,gammoning,
1,gammoning,
0,gangling,
1,gangling,
0,garbling,clear up
1,garbling,explain
0,gardening,
1,gardening,
0,gasping,breathless
1,gasping,dead
0,gassing,abandoning
1,gassing,disregard
0,gathering,division
1,gathering,separation
0,gating,
1,gating,
0,gauging,ignorance
1,gauging,fact
0,gazing,abhor
1,gazing,despise
0,gearing,disarrange
1,gearing,disorder
0,gelding,
1,gelding,
0,generating,impotent
1,generating,infertile
0,getting,abandoning
1,getting,giving up
0,gibing,compliment
1,gibing,flattery
0,giggling,
1,giggling,
0,gilding,
1,gilding,
0,gimping,run
1,gimping,
0,girding,free
1,girding,hurt
0,girdling,
1,girdling,
0,giving,appropriating
1,giving,getting
0,glancing,thorough
1,glancing,enduring
0,glaring,concealed
1,glaring,hidden
0,glazing,darkness
1,glazing,dullness
0,gleaming,dark
1,gleaming,dull
0,gleaning,
1,gleaning,
0,gliding,
1,gliding,
0,glimmering,dull
1,glimmering,blah
0,glistening,dark
1,glistening,dull
0,glittering,dull
1,glittering,
0,gloaming,daybreak
1,gloaming,sunrise
0,gloating,depression
1,gloating,gloom
0,glooming,brighten
1,glooming,clarify
0,glorying,ill repute
1,glorying,insignificance
0,glossing,dullness
1,glossing,misinformation
0,gloving,
1,gloving,
0,glowering,apparent
1,glowering,bright
0,glowing,dull
1,glowing,pale
0,glozing,accuse
1,glozing,aggravate
0,glutting,lack
1,glutting,need
0,going,fixed
1,going,immobile
0,goring,
1,goring,
0,gossiping,close-mouthed
1,gossiping,quiet
0,governing,inferior
1,governing,subordinate
0,grabbling,
1,grabbling,
0,grading,disorganization
1,grading,keeping
0,graduating,conclusion
1,graduating,end
0,grafting,divide
1,grafting,separate
0,grappling,agree
1,grappling,avoid
0,grasping,generous
1,grasping,unselfish
0,gratifying,disagreeable
1,gratifying,unenjoyable
0,grating,agreeable
1,grating,nice
0,graveling,dig up
1,graveling,strip
0,graving,give up
1,graving,
0,grazing,
1,grazing,
0,greeting,heedlessness
1,greeting,ignorance
0,grieving,comforted
1,grieving,happy
0,grimacing,grin
1,grimacing,smile
0,grinding,
1,grinding,
0,grinning,dark
1,grinning,gloomy
0,griping,complimentary
1,griping,forgiving
0,gripping,boring
1,gripping,repulsive
0,groaning,compliment
1,groaning,praise
0,grooving,apathetic
1,grooving,depressed
0,groping,aware
1,groping,seeing
0,grounding,ignorance
1,grounding,foreground
0,grouping,disarrangement
1,grouping,disorder
0,groveling,proud
1,groveling,
0,growing,failing
1,growing,languishing
0,growling,thin
1,growling,dulcet
0,grudging,benevolent
1,grudging,generous
0,grueling,easy
1,grueling,effortless
0,grunting,
1,grunting,
0,guarding,
1,guarding,
0,guessing,fact
1,guessing,knowledge
0,guising,disrobe
1,guising,open
0,gulping,breathy
1,gulping,calm
0,gumming,
1,gumming,
0,gunning,
1,gunning,
0,gurgling,
1,gurgling,
0,gushing,
1,gushing,
0,guttering,ascend
1,guttering,rise
0,hacking,aid
1,hacking,assist
0,hairdressing,
1,hairdressing,
0,hairsplitting,
1,hairsplitting,
0,halting,adroit
1,halting,clever
0,hammering,tap
1,hammering,
0,hamstring,aid
1,hamstring,allow
0,handling,mismanagement
1,handling,
0,handwriting,
1,handwriting,
0,hanging,
1,hanging,
0,hankering,dislike
1,hankering,hate
0,happening,method
1,happening,plan
0,happing,certainty
1,happing,design
0,hardening,
1,hardening,
0,harrowing,pleasant
1,harrowing,calming
0,hatching,destroy
1,hatching,discourage
0,hawking,
1,hawking,
0,hazing,
1,hazing,
0,heading,
1,heading,
0,healing,
1,healing,
0,hearing,
1,hearing,
0,heartbreaking,blessed
1,heartbreaking,comforting
0,heartening,
1,heartening,
0,heartsickening,happy
1,heartsickening,pleasant
0,heating,cooling
1,heating,freezing
0,heaving,
1,heaving,
0,hedging,certainty
1,hedging,clarity
0,helping,whole
1,helping,
0,herding,
1,herding,
0,hesitating,
1,hesitating,
0,highfaluting,
1,highfaluting,
0,highliving,chaste
1,highliving,good
0,hireling,
1,hireling,
0,hissing,
1,hissing,
0,hoarding,
1,hoarding,
0,hobbling,standing
1,hobbling,upright
0,hoisting,abandon
1,hoisting,decrease
0,holding,
1,holding,
0,holing,hold
1,holing,close
0,homemaking,
1,homemaking,
0,horning,discourage
1,horning,dissuade
0,hosting,
1,hosting,
0,hounding,retreat
1,hounding,
0,housebreaking,
1,housebreaking,
0,housekeeping,
1,housekeeping,
0,housewarming,
1,housewarming,
0,hovering,submerged
1,hovering,sunk
0,howling,calm
1,howling,still
0,huddling,arrangement
1,huddling,calm
0,hugging,
1,hugging,loose
0,hulking,dwarfed
1,hulking,little
0,humiliating,
1,humiliating,
0,humming,inactive
1,humming,
0,hunting,
1,hunting,
0,hurling,catch
1,hurling,keeping
0,hurting,experienced
1,hurting,healthy
0,hushing,agitation
1,hushing,disturbance
0,husking,
1,husking,
0,hying,dawdle
1,hying,delay
0,icing,
1,icing,
0,illuminating,
1,illuminating,
0,impending,gone
1,impending,past
0,imploring,repulsive
1,imploring,
0,imposing,bad
1,imposing,common
0,improving,
1,improving,
0,incoming,outgoing
1,incoming,
0,increasing,
1,increasing,
0,indexing,
1,indexing,
0,indulging,deprive
1,indulging,dissatisfy
0,infighting,accord
1,infighting,agreement
0,inflaming,calming
1,inflaming,mitigating
0,infolding,
1,infolding,
0,ing,in reality
1,ing,
0,ingathering,beginning
1,ingathering,cause
0,ingoing,calm
1,ingoing,gentle
0,ingratiating,deterring
1,ingratiating,disgusting
0,inkling,information
1,inkling,
0,inlaying,
1,inlaying,
0,inlying,
1,inlying,
0,inning,cessation
1,inning,idleness
0,inquiring,disinterested
1,inquiring,incurious
0,insinuating,
1,insinuating,
0,inspiring,boring
1,inspiring,unexciting
0,inspiriting,aggravating
1,inspiriting,depressing
0,insulating,join
1,insulating,mingle
0,insulting,complimentary
1,insulting,kind
0,intending,unwilling
1,intending,disinclined
0,intercepting,allow
1,intercepting,encourage
0,interesting,boring
1,interesting,disgusting
0,interfering,
1,interfering,
0,intermeddling,avoiding
1,intermeddling,dodging
0,intermitting,begin
1,intermitting,carry on
0,interposing,avoiding
1,interposing,dodging
0,interrupting,
1,interrupting,
0,intertwining,
1,intertwining,
0,interweaving,untwine
1,interweaving,untwist
0,intoxicating,boring
1,intoxicating,
0,intriguing,boring
1,intriguing,unexciting
0,intruding,calm
1,intruding,complaisant
0,investigating,
1,investigating,
0,invigorating,boring
1,invigorating,depressing
0,inviting,boring
1,inviting,repellent
0,irritating,
1,irritating,
0,issuing,
1,issuing,
0,itching,unenthusiastic
1,itching,assured
0,jabbering,
1,jabbering,
0,jacketing,disrobe
1,jacketing,open
0,japing,compliment
1,japing,flatter
0,jarring,firm
1,jarring,smooth
0,jeering,
1,jeering,
0,jing,continue
1,jing,dally
0,jingling,
1,jingling,
0,jobbing,
1,jobbing,
0,joining,detached
1,joining,divided
0,jointing,
1,jointing,
0,jolting,fluid
1,jolting,smooth
0,jotting,blackballing
1,jotting,conclusion
0,journeying,settled
1,journeying,permanent
0,juggling,
1,juggling,
0,junketing,work
1,junketing,chore
0,junking,building
1,junking,construction
0,justifying,confusing
1,justifying,mysterious
0,jutting,
1,jutting,
0,keeling,ascend
1,keeling,increase
0,keeping,carelessness
1,keeping,neglect
0,kenning,ignore
1,kenning,miss
0,kicking,contented
1,kicking,happy
0,killing,birth
1,killing,
0,kindling,
1,kindling,
0,kissing,
1,kissing,
0,kneading,
1,kneading,
0,kneeling,disloyalty
1,kneeling,disregard
0,knitting,
1,knitting,
0,knocking,compliment
1,knocking,praise
0,knotting,
1,knotting,
0,knowing,stupid
1,knowing,unaware
0,knuckling,conquer
1,knuckling,decline
0,laboring,idle
1,laboring,inactive
0,laborsaving,by hand
1,laborsaving,manual
0,lacing,accomplishment
1,lacing,achievement
0,lacquering,dull
1,lacquering,reveal
0,lading,
1,lading,
0,lagging,intelligent
1,lagging,smart
0,lamenting,
1,lamenting,
0,lamping,forget
1,lamping,ignore
0,landholding,
1,landholding,
0,landing,
1,landing,
0,languishing,active
1,languishing,
0,lapping,
1,lapping,
0,lapsing,forward
1,lapsing,positive
0,larking,depressed
1,larking,disagreeable
0,lasting,ending
1,lasting,ephemeral
0,latching,key
1,latching,
0,lathing,break
1,lathing,demolish
0,laughing,boring
1,laughing,tiring
0,lavishing,hold
1,lavishing,save
0,lawbreaking,
1,lawbreaking,
0,lawgiving,
1,lawgiving,
0,lawing,exonerate
1,lawing,cease
0,lawmaking,
1,lawmaking,
0,laying,ordained
1,laying,professional
0,leading,auxiliary
1,leading,extra
0,leaning,antipathy
1,leaning,dislike
0,leapfrogging,
1,leapfrogging,
0,leaping,inactive
1,leaping,
0,learning,ignorance
1,learning,
0,leasing,sell
1,leasing,
0,leathering,lose
1,leathering,praise
0,leavening,block
1,leavening,discouragement
0,leaving,allowance
1,leaving,approval
0,legging,
1,legging,
0,lettering,
1,lettering,
0,leveling,building
1,leveling,construction
0,licking,
1,licking,
0,lifesaving,
1,lifesaving,
0,lifting,return
1,lifting,original
0,lightening,aggravating
1,lightening,depressing
0,lighting,darkness
1,lighting,
0,lightning,
1,lightning,
0,liming,
1,liming,
0,limiting,alterable
1,limiting,breakable
0,limping,adroit
1,limping,clever
0,lining,
1,lining,
0,linking,
1,linking,
0,lipping,
1,lipping,
0,listening,inattentive
1,listening,indifferent
0,listing,
1,listing,
0,living,apathetic
1,living,asleep
0,loading,
1,loading,
0,loathing,admiration
1,loathing,approval
0,locking,key
1,locking,
0,lodging,office
1,lodging,
0,lofting,hold
1,lofting,keep
0,logging,
1,logging,
0,logrolling,
1,logrolling,
0,longing,despising
1,longing,hating
0,looking,
1,looking,
0,looming,distant
1,looming,later
0,looping,straighten
1,looping,free
0,loosing,
1,loosing,
0,lopping,lengthen
1,lopping,
0,lording,
1,lording,
0,lounging,active
1,lounging,
0,loving,aloof
1,loving,antagonistic
0,lowering,
1,lowering,
0,lumbering,agile
1,lumbering,gliding
0,lumping,depression
1,lumping,individual
0,lying,honest
1,lying,direct
0,madding,
1,madding,
0,mainspring,consequence
1,mainspring,effect
0,making,
1,making,
0,mangling,aid
1,mangling,beautify
0,manning,
1,manning,take
0,mantling,apathetic
1,mantling,dark
0,marbling,clean
1,marbling,
0,margining,let go
1,margining,center
0,marking,
1,marking,
0,marrying,divide
1,marrying,separate
0,mashing,
1,mashing,pull
0,matching,different
1,matching,dissimilar
0,matting,
1,matting,
0,maturing,declining
1,maturing,dying
0,mauling,protect
1,mauling,aid
0,Maying,
1,Maying,
0,meaning,exterior
1,meaning,exteriority
0,measuring,
1,measuring,
0,meddling,
1,meddling,
0,mediating,refuse
1,mediating,argue
0,melting,
1,melting,
0,menacing,remote
1,menacing,aiding
0,mending,neglect
1,mending,
0,merrymaking,gloom
1,merrymaking,misery
0,messing,leave alone
1,messing,
0,middling,excellent
1,middling,exceptional
0,milking,
1,milking,
0,milksopping,dehydrate
1,milksopping,dry
0,milling,
1,milling,
0,mincing,extroverted
1,mincing,unaffected
0,minding,flexible
1,minding,indefinite
0,misdoing,
1,misdoing,
0,misguiding,
1,misguiding,
0,misleading,accurate
1,misleading,correct
0,missing,adequate
1,missing,enough
0,misspelling,
1,misspelling,
0,mistaking,accuracy
1,mistaking,correction
0,mistrusting,belief
1,mistrusting,certainty
0,misunderstanding,accuracy
1,misunderstanding,certainty
0,moaning,complimentary
1,moaning,forgiving
0,modeling,lack
1,modeling,science
0,moiling,calm
1,moiling,gentle
0,molding,
1,molding,
0,mollifying,bitter
1,mollifying,caustic
0,mollycoddling,rigid
1,mollycoddling,stern
0,moneygrubbing,
1,moneygrubbing,
0,moneylending,
1,moneylending,
0,moneysaving,inefficient
1,moneysaving,careless
0,mongering,buy
1,mongering,pull
0,mooing,be quiet
1,mooing,
0,mooning,alert
1,mooning,attentive
0,moonlighting,chaste
1,moonlighting,clean
0,moonshining,
1,moonshining,
0,mooring,
1,mooring,
0,mooting,agreement
1,mooting,peace
0,moping,bright
1,moping,cheerful
0,mortifying,blessed
1,mortifying,fortunate
0,mothering,starve
1,mothering,block
0,motoring,discourage
1,motoring,dissuade
0,mottling,
1,mottling,
0,mounting,
1,mounting,
0,mourning,light
1,mourning,lightness
0,mousing,ignore
1,mousing,
0,mouthing,hearing
1,mouthing,listening
0,moving,dull
1,moving,
0,mowing,
1,mowing,
0,mudslinging,
1,mudslinging,
0,multiplying,decreasing
1,multiplying,subtracting
0,mumbling,articulate
1,mumbling,communicative
0,murdering,
1,murdering,
0,murmuring,appreciating
1,murmuring,enjoying
0,muscling,protect
1,muscling,aid
0,musing,
1,musing,
0,muttering,bright
1,muttering,certain
0,nagging,easy
1,nagging,good
0,nailing,detach
1,nailing,separate
0,naming,
1,naming,
0,napping,attentive
1,napping,awake
0,necking,
1,necking,
0,needing,
1,needing,
0,needling,bland
1,needling,calm
0,neighboring,far
1,neighboring,faraway
0,nerving,cowardice
1,nerving,doubt
0,nestling,
1,nestling,
0,netting,
1,netting,
0,nettling,aid
1,nettling,appease
0,newscasting,
1,newscasting,
0,nickeling,
1,nickeling,
0,nicking,compliment
1,nicking,praise
0,niggling,
1,niggling,
0,nipping,kind
1,nipping,mild
0,nodding,
1,nodding,
0,nonbeing,something
1,nonbeing,
0,nonbelieving,believing
1,nonbelieving,god-fearing
0,nonconforming,
1,nonconforming,
0,nonirritating,bitter
1,nonirritating,caustic
0,nonpaying,in the black
1,nonpaying,
0,nonresisting,agitated
1,nonresisting,boisterous
0,nooning,
1,nooning,
0,nosing,
1,nosing,
0,notching,closing
1,notching,closure
0,notwithstanding,
1,notwithstanding,
0,nourishing,bad
1,nourishing,unhealthy
0,nursling,adult
1,nursling,
0,obliging,disobliging
1,obliging,inconsiderate
0,observing,blunt
1,observing,dull
0,occulting,reveal
1,occulting,uncover
0,offering,withdrawal
1,offering,
0,offgoing,arrival
1,offgoing,coming
0,offing,past
1,offing,
0,offscouring,possessions
1,offscouring,sense
0,offspring,adult
1,offspring,cause
0,oncoming,past
1,oncoming,preceding
0,ongoing,
1,ongoing,infrequent
0,onrushing,past
1,onrushing,preceding
0,opening,agreement
1,opening,closing
0,operating,
1,operating,
0,opposing,agreeable
1,opposing,allied
0,oscillating,constant
1,oscillating,resolute
0,outbuilding,
1,outbuilding,
0,outcoming,join
1,outcoming,
0,outflanking,aid
1,outflanking,fail
0,outgiving,agitated
1,outgiving,deliberate
0,outgoing,introverted
1,outgoing,reclusive
0,outing,
1,outing,
0,outlying,central
1,outlying,inner
0,outpouring,
1,outpouring,
0,outraging,advantage
1,outraging,aid
0,overbearing,democratic
1,overbearing,humble
0,overcasting,clear up
1,overcasting,burn off
0,overflowing,
1,overflowing,
0,overlying,
1,overlying,
0,overmastering,give in
1,overmastering,lose
0,overpowering,
1,overpowering,
0,overreaching,fairness
1,overreaching,forthrightness
0,overruling,additional
1,overruling,auxiliary
0,overrunning,
1,overrunning,
0,overshadowing,auxiliary
1,overshadowing,dull
0,overweening,modest
1,overweening,unassuming
0,overwhelming,
1,overwhelming,
0,owing,green
1,owing,young
0,oxidizing,kind
1,oxidizing,nice
0,padding,
1,padding,
0,paddling,
1,paddling,
0,paining,advantage
1,paining,aid
0,painstaking,careless
1,painstaking,lazy
0,painting,
1,painting,
0,paling,
1,paling,
0,paneling,door
1,paneling,opening
0,panelling,strip
1,panelling,
0,panning,approval
1,panning,compliment
0,panting,
1,panting,
0,papering,thick
1,papering,
0,parading,
1,parading,
0,parceling,attachment
1,parceling,combination
0,parcelling,keep
1,parcelling,withhold
0,parching,arctic
1,parching,cold
0,pardoning,rigid
1,pardoning,stern
0,paring,whole
1,paring,
0,parking,
1,parking,
0,partitioning,aid
1,partitioning,assistance
0,passing,thorough
1,passing,enduring
0,pasting,
1,pasting,
0,patronizing,humble
1,patronizing,
0,patterning,original
1,patterning,difference
0,paving,dig up
1,paving,strip
0,pawing,guard
1,pawing,let go
0,paying,disadvantageous
1,paying,unproductive
0,peacemaking,agitated
1,peacemaking,loud
0,peaking,fall
1,peaking,hit bottom
0,peddling,unemployment
1,peddling,antagonism
0,peeling,core
1,peeling,
0,pegging,detach
1,pegging,let go
0,pelting,
1,pelting,
0,penciling,destroy
1,penciling,ignore
0,pencilling,destroy
1,pencilling,ignore
0,pending,distant
1,pending,later
0,penetrating,kind
1,penetrating,nice
0,penning,free
1,penning,let go
0,perceiving,
1,perceiving,
0,perduring,ephemeral
1,perduring,irresponsible
0,perfecting,declining
1,perfecting,dying
0,perishing,flexible
1,perishing,pliable
0,perking,take out
1,perking,
0,perplexing,clear
1,perplexing,easy
0,persecuting,aid
1,persecuting,assist
0,persevering,fickle
1,persevering,inconstant
0,persisting,ceasing
1,persisting,ending
0,personating,direct
1,personating,fail
0,pertaining,disconnected
1,pertaining,unrelated
0,perturbing,comforting
1,perturbing,encouraging
0,pervading,insignificant
1,pervading,lowly
0,pettifogging,
1,pettifogging,
0,photoengraving,
1,photoengraving,
0,phrasing,
1,phrasing,
0,physicking,blockage
1,physicking,harm
0,piddling,important
1,piddling,major
0,piecing,entirety
1,piecing,whole
0,piercing,calm
1,piercing,kind
0,pigging,abstain
1,pigging,fast
0,pilfering,
1,pilfering,
0,piling,
1,piling,
0,pillaring,decrease
1,pillaring,diminish
0,pillowing,block
1,pillowing,decrease
0,piloting,subordinate
1,piloting,
0,pinching,generous
1,pinching,spendthrift
0,Ping,
1,Ping,
0,ping,
1,ping,
0,pining,satisfied
1,pining,apathetic
0,pinking,
1,pinking,
0,pinning,detach
1,pinning,let go
0,piping,blunt
1,piping,dull
0,pitching,
1,pitching,
0,pitting,
1,pitting,
0,pitying,hard
1,pitying,
0,plaiting,
1,plaiting,
0,planking,leave
1,planking,move
0,planting,
1,planting,
0,plastering,
1,plastering,
0,platting,detach
1,platting,disconnect
0,plaything,implement
1,plaything,instrument
0,pleading,
1,pleading,
0,pleasing,bad
1,pleasing,bitter
0,pleasuring,anger
1,pleasuring,annoy
0,plodding,exciting
1,plodding,interesting
0,plotting,aboveboard
1,plotting,frank
0,plowing,hide
1,plowing,plant
0,plugging,indifferent
1,plugging,lazy
0,plumbing,
1,plumbing,
0,plumping,
1,plumping,
0,plundering,
1,plundering,
0,plunging,
1,plunging,
0,plying,disregard
1,plying,ignore
0,pocketing,big
1,pocketing,giant
0,pointing,
1,pointing,
0,poisoning,harmless
1,poisoning,nonpoisonous
0,poking,incurious
1,poking,indifferent
0,polling,
1,polling,
0,polluting,harmless
1,polluting,nonpoisonous
0,pondering,ignorant
1,pondering,unthoughtful
0,poring,
1,poring,
0,posing,
1,posing,
0,possessing,gone
1,possessing,leaving
0,posting,
1,posting,
0,pouncing,
1,pouncing,
0,pounding,comfort
1,pounding,ease
0,pouring,
1,pouring,
0,pouting,agreeable
1,pouting,cheerful
0,powdering,
1,powdering,
0,praising,
1,praising,
0,prancing,face
1,prancing,
0,pranking,deface
1,pranking,disfigure
0,prating,quiet
1,prating,silent
0,prattling,
1,prattling,
0,praying,answer
1,praying,refuse
0,preaching,
1,preaching,
0,preceding,later
1,preceding,back
0,preponderating,fall behind
1,preponderating,follow
0,prepossessing,boring
1,prepossessing,
0,presaging,
1,presaging,
0,pressing,dull
1,pressing,inessential
0,presuming,cautious
1,presuming,humble
0,pricking,
1,pricking,
0,prickling,bland
1,prickling,calm
0,priming,
1,priming,
0,proceeding,idleness
1,proceeding,inaction
0,proclaiming,
1,proclaiming,
0,procrastinating,advancing
1,procrastinating,
0,profiteering,ethical
1,profiteering,good
0,profiting,decline
1,profiting,fail
0,projecting,
1,projecting,
0,proofreading,indulge
1,proofreading,
0,prosing,
1,prosing,stay
0,protecting,
1,protecting,
0,providing,
1,providing,
0,proving,
1,proving,
0,provoking,
1,provoking,
0,prowling,ignore
1,prowling,neglect
0,pruning,achievement
1,pruning,extending
0,prying,
1,prying,
0,pudding,
1,pudding,
0,puddling,labor
1,puddling,toil
0,puffing,
1,puffing,
0,puling,
1,puling,
0,punching,compliment
1,punching,flattery
0,purging,
1,purging,
0,purring,
1,purring,be quiet
0,pushing,
1,pushing,
0,pussyfooting,confront
1,pussyfooting,face
0,puzzling,clear
1,puzzling,comprehensible
0,quaking,inactive
1,quaking,
0,quarreling,
1,quarreling,
0,quarrying,
1,quarrying,
0,quartering,join
1,quartering,turn away
0,quavering,firm
1,quavering,healthy
0,querying,agreement
1,querying,answer
0,quieting,
1,quieting,
0,quilting,
1,quilting,
0,quisling,
1,quisling,
0,quivering,
1,quivering,
0,rabbeting,raise
1,rabbeting,flush
0,racing,slow
1,racing,crawling
0,racketing,agree
1,racketing,comply
0,racking,blunt
1,racking,calm
0,ragging,compliment
1,ragging,praise
0,raging,calm
1,raging,mild
0,railing,
1,railing,
0,railroading,free
1,railroading,let go
0,raising,
1,raising,
0,raking,disperse
1,raking,distribute
0,rambling,coherent
1,rambling,connected
0,ramping,
1,ramping,
0,ranging,
1,ranging,
0,ranting,
1,ranting,
0,raping,
1,raping,
0,rapping,
1,rapping,
0,rasping,
1,rasping,
0,rattling,convenient
1,rattling,easy
0,raveling,tangle
1,raveling,twist
0,ravening,
1,ravening,
0,raving,
1,raving,
0,ravishing,homely
1,ravishing,ugly
0,reaching,
1,reaching,
0,reading,ignorance
1,reading,destruction
0,realizing,
1,realizing,
0,reasoning,reality
1,reasoning,truth
0,reassuring,aggravating
1,reassuring,depressing
0,reawakening,destruction
1,reawakening,
0,recasting,disarrange
1,recasting,disorder
0,reckoning,
1,reckoning,
0,reconciling,agitate
1,reconciling,fight
0,recording,
1,recording,
0,recruiting,
1,recruiting,
0,recurring,ceasing
1,recurring,ending
0,reddening,arrogant
1,reddening,bold
0,redding,
1,redding,
0,redoubling,lower
1,redoubling,weaken
0,reducing,enlargement
1,reducing,increase
0,reefing,advance
1,reefing,agitate
0,refining,
1,refining,
0,reflecting,ignorant
1,reflecting,unthoughtful
0,refracting,beautify
1,refracting,rise
0,refreshing,boring
1,refreshing,depressing
0,refrigerating,continue
1,refrigerating,heat
0,refusing,confident
1,refusing,favorable
0,regarding,
1,regarding,
0,rejoicing,lamenting
1,rejoicing,mourning
0,relapsing,dominant
1,relapsing,overbalancing
0,relenting,defending
1,relenting,fight
0,relieving,aggravating
1,relieving,depressing
0,relishing,disagreeable
1,relishing,repulsive
0,remonstrating,accept
1,remonstrating,agree
0,removing,accept
1,removing,add
0,rendering,complication
1,rendering,failure
0,repaying,damage
1,repaying,penalize
0,repelling,
1,repelling,
0,reprimanding,approve
1,reprimanding,commend
0,resisting,
1,resisting,
0,resounding,incomplete
1,resounding,
0,respecting,
1,respecting,
0,resting,active
1,resting,
0,restraining,
1,restraining,
0,resulting,beginning
1,resulting,causal
0,retaining,
1,retaining,
0,retarding,aid
1,retarding,assist
0,retelling,cold turkey
1,retelling,
0,retiring,bold
1,retiring,extroverted
0,retouching,break
1,retouching,corrupt
0,retreating,arrival
1,retreating,coming
0,retting,dehydrate
1,retting,dry
0,revealing,
1,revealing,
0,reversing,enactment
1,reversing,validation
0,reviling,approval
1,reviling,commendation
0,reviving,friendly
1,reviving,hot
0,revolting,comforting
1,revolting,lovable
0,revolving,
1,revolving,
0,rewarding,impotent
1,rewarding,unfruitful
0,ribbing,
1,ribbing,
0,richling,
1,richling,
0,ridding,condemn
1,ridding,keep
0,riddling,solution
1,riddling,confidence
0,ridging,hide
1,ridging,plant
0,riding,afoot
1,riding,dismounted
0,rifling,build
1,rifling,give
0,rigging,
1,rigging,
0,ring,
1,ring,
0,ringing,low
1,ringing,soft
0,rinsing,dehydrate
1,rinsing,dirty
0,rioting,
1,rioting,
0,ripening,decline
1,ripening,decrease
0,ripping,dull
1,ripping,
0,rippling,
1,rippling,
0,rising,
1,rising,
0,riveting,boring
1,riveting,repellent
0,riving,agree
1,riving,aid
0,roaming,
1,roaming,
0,roaring,calm
1,roaring,moderate
0,roasting,cold
1,roasting,cool
0,robbing,bestowal
1,robbing,gift
0,robing,
1,robing,
0,rocking,apathetic
1,rocking,depressed
0,roistering,be sad
1,roistering,disappoint
0,rollerskating,
1,rollerskating,
0,rollicking,depressed
1,rollicking,lazy
0,rolling,
1,rolling,
0,romancing,reality
1,romancing,truth
0,romping,depressed
1,romping,down
0,roofing,floor
1,roofing,minimum
0,roping,deter
1,roping,discourage
0,rotating,motionless
1,rotating,stationary
0,rotting,
1,rotting,
0,roughhousing,seriousness
1,roughhousing,
0,roughing,disorganize
1,roughing,break
0,rounding,free
1,rounding,let go
0,rousing,apathetic
1,rousing,dispirited
0,rousting,
1,rousting,
0,routing,surrender
1,routing,failure
0,roving,settled
1,roving,
0,rowing,
1,rowing,
0,rubbing,
1,rubbing,
0,ruching,straighten
1,ruching,divide
0,ruckling,enlarge
1,ruckling,expand
0,ruffling,calm
1,ruffling,open
0,ruing,be happy
1,ruing,delight
0,ruling,inferior
1,ruling,insignificant
0,rumbling,clear
1,rumbling,elevated
0,ruminating,
1,ruminating,
0,rumrunning,
1,rumrunning,
0,running,apathetic
1,running,immobile
0,rushing,
1,rushing,
0,rustling,
1,rustling,
0,sacking,
1,sacking,
0,sacrificing,
1,sacrificing,
0,saddening,bright
1,saddening,cheerful
0,saddling,keep
1,saddling,take
0,safecracking,
1,safecracking,
0,safekeeping,distrust
1,safekeeping,doubt
0,sagging,firm
1,sagging,fitting
0,sailing,
1,sailing,
0,salting,honor
1,salting,praise
0,salvaging,abandon
1,salvaging,forfeit
0,sampling,
1,sampling,
0,sanding,aid
1,sanding,assist
0,sapling,
1,sapling,
0,sapping,
1,sapping,
0,satisfying,disagreeable
1,satisfying,troubling
0,sauntering,fixed
1,sauntering,permanent
0,saving,wasting
1,saving,
0,sawing,combine
1,sawing,unite
0,saying,
1,saying,
0,scaffolding,
1,scaffolding,
0,scalding,freezing
1,scalding,cold
0,scaling,declension
1,scaling,decline
0,scalloping,raise
1,scalloping,flush
0,scalping,accomplishment
1,scalping,achievement
0,scamping,release
1,scamping,spend
0,scandalmongering,advantage
1,scandalmongering,aid
0,scanning,discard
1,scanning,disregard
0,scantling,
1,scantling,
0,scarring,aid
1,scarring,cure
0,scathing,calm
1,scathing,gentle
0,scattering,
1,scattering,
0,scavenging,ignore
1,scavenging,neglect
0,scenting,odor
1,scenting,stench
0,scheming,naive
1,scheming,aboveboard
0,schooling,ignorance
1,schooling,confusion
0,scintillating,dull
1,scintillating,blah
0,scissoring,combine
1,scissoring,unite
0,scoffing,agreeable
1,scoffing,bland
0,scolding,praise
1,scolding,commendation
0,scooping,solid
1,scooping,filling
0,scorching,cold
1,scorching,cool
0,scoring,
1,scoring,
0,scotching,
1,scotching,
0,scourging,reward
1,scourging,advantage
0,scouring,
1,scouring,
0,scouting,humble
1,scouting,meek
0,scowling,apparent
1,scowling,bright
0,scragging,
1,scragging,
0,scrambling,retreat
1,scrambling,rest
0,scraping,aloof
1,scraping,cool
0,scrapping,building
1,scrapping,construction
0,scratching,smooth
1,scratching,
0,screaking,whimper
1,screaking,whisper
0,screaming,bad
1,screaming,boring
0,screeching,bland
1,screeching,bright
0,screening,
1,screening,obvious
0,screwing,
1,screwing,
0,scribbling,
1,scribbling,
0,scribing,forget
1,scribing,
0,scrivening,
1,scrivening,
0,scrounging,give
1,scrounging,offer
0,sculpturing,
1,sculpturing,
0,scuttling,
1,scuttling,
0,seafaring,
1,seafaring,
0,seagoing,
1,seagoing,
0,sealing,begin
1,sealing,continue
0,seaming,
1,seaming,
0,searching,
1,searching,
0,searing,cold
1,searing,cool
0,seasoning,
1,seasoning,
0,seating,
1,seating,
0,secluding,combine
1,secluding,desegregate
0,seducing,bad
1,seducing,boring
0,seedling,
1,seedling,
0,seeing,asleep
1,seeing,
0,seeking,
1,seeking,
0,seeming,real
1,seeming,true
0,seething,flat
1,seething,
0,seizing,
1,seizing,
0,selling,acquiring
1,selling,buying
0,sending,
1,sending,
0,separating,
1,separating,
0,serving,
1,serving,
0,setting,brightness
1,setting,light
0,settling,
1,settling,
0,sewing,
1,sewing,
0,shackling,
1,shackling,
0,shading,
1,shading,
0,shadowing,
1,shadowing,
0,shafting,
1,shafting,support
0,shaking,peace
1,shaking,steadiness
0,shambling,standing
1,shambling,upright
0,shamming,authentic
1,shamming,genuine
0,shaping,destructive
1,shaping,
0,shattering,enduring
1,shattering,strong
0,shaving,entirety
1,shaving,lot
0,shearing,
1,shearing,
0,sheathing,center
1,sheathing,core
0,shedding,
1,shedding,
0,sheering,straighten
1,sheering,ascend
0,sheeting,
1,sheeting,
0,shellacking,triumph
1,shellacking,victory
0,shelling,
1,shelling,
0,shelving,continue
1,shelving,go
0,shielding,careless
1,shielding,inattentive
0,shifting,fixed
1,shifting,inoperative
0,shilling,
1,shilling,discourage
0,shimmering,dark
1,shimmering,dull
0,shingling,
1,shingling,
0,shining,dark
1,shining,dim
0,shinning,
1,shinning,
0,shirring,line
1,shirring,
0,shivering,
1,shivering,
0,shocking,attractive
1,shocking,beautiful
0,shoestring,
1,shoestring,
0,shooting,
1,shooting,
0,shoplifting,
1,shoplifting,
0,shoring,center
1,shoring,interior
0,shortcoming,advantage
1,shortcoming,benefit
0,shortening,enlargement
1,shortening,expansion
0,shouldering,rejection
1,shouldering,doubt
0,shouting,
1,shouting,
0,showboating,assure
1,showboating,calm
0,showing,
1,showing,
0,shredding,mend
1,shredding,sew
0,shrilling,
1,shrilling,
0,shrinking,extroverted
1,shrinking,bold
0,shriving,blame
1,shriving,censure
0,shrouding,brighten
1,shrouding,clarify
0,shucking,cover
1,shucking,
0,shuffling,standing
1,shuffling,upright
0,shunting,aid
1,shunting,allow
0,shuttering,abandon
1,shuttering,disregard
0,shutting,loosen
1,shutting,open
0,sickening,clean
1,sickening,good
0,sickling,
1,sickling,
0,sideling,sloping
1,sideling,horizontal
0,sidesplitting,
1,sidesplitting,
0,siding,
1,siding,
0,sidling,
1,sidling,
0,sifting,incurious
1,sifting,indifferent
0,sighing,be happy
1,sighing,delight
0,sighting,
1,sighting,
0,silvering,
1,silvering,
0,sing,be quiet
1,sing,
0,singing,
1,singing,
0,sitting,standing
1,sitting,
0,sizing,disorganization
1,sizing,keeping
0,sizzing,swallow
1,sizzing,
0,sizzling,cold
1,sizzling,cool
0,skating,
1,skating,
0,skelping,compliment
1,skelping,laud
0,sketching,
1,sketching,
0,skidding,
1,skidding,
0,skimming,cleanliness
1,skimming,cleanness
0,skinning,cover
1,skinning,
0,skipping,inactive
1,skipping,
0,skirling,
1,skirling,
0,skirmishing,accord
1,skirmishing,agreement
0,skirting,detached
1,skirting,separate
0,skiving,elongate
1,skiving,enlarge
0,skulking,standing
1,skulking,upright
0,skyscraping,below
1,skyscraping,beneath
0,skywriting,conceal
1,skywriting,hide
0,slacking,energized
1,slacking,refreshed
0,slaking,lack
1,slaking,need
0,slandering,approval
1,slandering,commendation
0,slanting,straight
1,slanting,
0,slapping,
1,slapping,
0,slashing,kind
1,slashing,nice
0,slating,condemn
1,slating,dissuade
0,slavering,
1,slavering,
0,slaving,idle
1,slaving,inactive
0,slaying,benign
1,slaying,calm
0,sleeking,dirty
1,sleeking,dull
0,sleeping,waking
1,sleeping,
0,sleepwalking,
1,sleepwalking,
0,sleeting,
1,sleeting,
0,slewing,stay
1,slewing,straighten
0,slicing,whole
1,slicing,
0,slicking,dry
1,slicking,
0,sliding,above
1,sliding,cheerful
0,slighting,
1,slighting,
0,sling,destroy
1,sling,finish
0,slinging,catch
1,slinging,keeping
0,slinking,standing
1,slinking,upright
0,slipping,above
1,slipping,cheerful
0,slithering,standing
1,slithering,upright
0,slitting,closing
1,slitting,closure
0,slogging,fun
1,slogging,idleness
0,sloping,level
1,sloping,straight
0,slopping,clean up
1,slopping,
0,slotting,conceal
1,slotting,deny
0,slouching,do
1,slouching,straighten
0,slowgoing,active
1,slowgoing,busy
0,slugging,praise
1,slugging,tap
0,sluicing,trickle
1,sluicing,cease
0,slumbering,attentive
1,slumbering,awake
0,smacking,
1,smacking,
0,smarting,bland
1,smarting,calm
0,smashing,enduring
1,smashing,strong
0,smattering,
1,smattering,
0,smelling,fresh
1,smelling,good
0,smiling,dark
1,smiling,gloomy
0,smirking,
1,smirking,
0,smiting,aid
1,smiting,assist
0,smocking,line
1,smocking,
0,smoking,cold
1,smoking,cool
0,smoothing,fine
1,smoothing,fine-grained
0,smothering,calm
1,smothering,cold
0,smuggling,
1,smuggling,
0,snaking,direct
1,snaking,straight
0,snapping,difficulty
1,snapping,
0,snatching,letting go
1,snatching,release
0,sneaking,aboveboard
1,sneaking,artless
0,sneering,
1,sneering,
0,sneezing,give
1,sneezing,give up
0,snickering,
1,snickering,
0,sniffing,
1,sniffing,
0,sniggering,
1,sniggering,
0,sniping,
1,sniping,
0,snipping,
1,snipping,
0,sniveling,contented
1,sniveling,happy
0,snobbing,note
1,snobbing,pay attention
0,snoring,attentive
1,snoring,awake
0,snorting,hide
1,snorting,secret
0,snubbing,note
1,snubbing,pay attention
0,snuffing,
1,snuffing,
0,snuffling,
1,snuffling,fix
0,soaking,dry
1,soaking,arid
0,soaring,ground
1,soaring,
0,sobbing,
1,sobbing,
0,sobering,calm
1,sobering,easy
0,softening,
1,softening,
0,sogging,dehydrate
1,sogging,dry
0,soiling,sky
1,soiling,
0,soldering,break
1,soldering,damage
0,soliciting,
1,soliciting,
0,soliloquizing,denial
1,soliloquizing,quiet
0,soothing,
1,soothing,
0,soothsaying,
1,soothsaying,
0,sopping,
1,sopping,
0,sorrowing,
1,sorrowing,
0,soughing,be quiet
1,soughing,
0,sounding,ambiguous
1,sounding,indistinct
0,souring,
1,souring,
0,spacing,disproportion
1,spacing,imbalance
0,spading,drop
1,spading,lower
0,spanking,slow
1,spanking,sluggish
0,sparing,generous
1,sparing,careless
0,sparking,dullness
1,sparking,
0,sparkling,dark
1,sparkling,dull
0,sparring,kind
1,sparring,nice
0,spattering,lot
1,spattering,mass
0,spatting,agree
1,spatting,concur
0,spawning,original
1,spawning,
0,spaying,adulterate
1,spaying,aid
0,speaking,written
1,speaking,
0,spearing,surrender
1,spearing,yield
0,specking,clean
1,specking,collect
0,speckling,
1,speckling,
0,speechmaking,
1,speechmaking,
0,speeding,fixed
1,speeding,inoperative
0,spellbinding,boring
1,spellbinding,repulsive
0,spelling,
1,spelling,
0,spewing,
1,spewing,
0,spicing,
1,spicing,
0,spiffing,ignore
1,spiffing,mess up
0,spiking,detach
1,spiking,loosen
0,spindling,
1,spindling,
0,spinning,
1,spinning,
0,spiring,below
1,spiring,beneath
0,spiriting,boring
1,spiriting,depressing
0,spitting,swallow
1,spitting,
0,splashing,broken
1,splashing,dry
0,splicing,disconnect
1,splicing,disjoin
0,splitting,enduring
1,splitting,strong
0,spoiling,
1,spoiling,
0,sponging,
1,sponging,
0,spooning,
1,spooning,
0,sporting,unsporting
1,sporting,
0,spotting,
1,spotting,
0,spouting,empty
1,spouting,needy
0,sprawling,
1,sprawling,
0,spreading,suppressed
1,spreading,
0,springing,
1,springing,
0,sprinkling,lot
1,sprinkling,
0,sprouting,barren
1,sprouting,declining
0,sputtering,
1,sputtering,
0,squabbling,
1,squabbling,
0,squaring,biased
1,squaring,dishonest
0,squatting,
1,squatting,
0,squawking,nice
1,squawking,polite
0,squeaking,be quiet
1,squeaking,
0,squealing,secret
1,squealing,faithfulness
0,squeezing,
1,squeezing,
0,squelching,aid
1,squelching,encourage
0,squinting,open
1,squinting,
0,squirming,standing
1,squirming,upright
0,squirting,collect
1,squirting,gather
0,stabbing,blunt
1,stabbing,dull
0,staggering,
1,staggering,
0,staging,
1,staging,
0,staining,approval
1,staining,benefit
0,staling,grow
1,staling,moisten
0,stalking,
1,stalking,
0,stalling,advance
1,stalling,aid
0,stammering,
1,stammering,
0,stamping,bulge
1,stamping,materiality
0,standing,unsteady
1,standing,variable
0,stapling,
1,stapling,
0,stargazing,
1,stargazing,
0,staring,
1,staring,
0,starring,
1,starring,
0,starting,conclusion
1,starting,end
0,startling,expected
1,startling,
0,staving,aid
1,staving,assist
0,steadying,agitation
1,steadying,excitement
0,stealing,
1,stealing,
0,steaming,
1,steaming,
0,steeling,let go
1,steeling,weaken
0,steering,subordinate
1,steering,
0,stemming,
1,stemming,
0,stenching,
1,stenching,
0,stepping,
1,stepping,
0,stereotyping,confuse
1,stereotyping,disorganize
0,sticking,bent
1,sticking,desirous
0,stickling,messy
1,stickling,nonchalant
0,stiffening,
1,stiffening,
0,stifling,dry
1,stifling,loose
0,stilling,broken
1,stilling,changeable
0,sting,aid
1,sting,cure
0,stinging,bland
1,stinging,blunt
0,stinking,sweet
1,stinking,clean
0,stippling,
1,stippling,
0,stirring,
1,stirring,
0,stitching,
1,stitching,
0,stocking,
1,stocking,
0,stocktaking,
1,stocktaking,
0,stomaching,
1,stomaching,
0,stoning,lose
1,stoning,slow
0,stooping,humble
1,stooping,
0,stopping,beginning
1,stopping,commencement
0,storming,calm
1,storming,happy
0,storytelling,nonfiction
1,storytelling,reality
0,stowing,disperse
1,stowing,throw overboard
0,straddling,
1,straddling,
0,straggling,big
1,straggling,consequential
0,straining,happy
1,straining,unconcerned
0,stranding,care
1,stranding,help
0,strangling,free
1,strangling,start
0,strapping,attenuated
1,strapping,skinny
0,streaming,fixed
1,streaming,inoperative
0,strengthening,failing
1,strengthening,faltering
0,striking,bad
1,striking,boring
0,string,individual
1,string,
0,stringing,break
1,stringing,destroy
0,stripling,adult
1,stripling,
0,stripping,
1,stripping,
0,striving,
1,striving,
0,stroking,blame
1,stroking,censure
0,struggling,pleasant
1,struggling,pleasing
0,strutting,humble
1,strutting,modest
0,studding,clean
1,studding,
0,stuffing,
1,stuffing,
0,stumbling,adroit
1,stumbling,artful
0,stunning,bad
1,stunning,homely
0,stuttering,
1,stuttering,
0,styling,mismanagement
1,styling,
0,subbing,hold
1,subbing,keep
0,subdividing,combine
1,subdividing,join
0,subduing,
1,subduing,
0,subordinating,clarify
1,subordinating,clear up
0,subsiding,improving
1,subsiding,increasing
0,substituting,finished
1,substituting,genuine
0,succeeding,out of turn
1,succeeding,
0,sucking,
1,sucking,
0,suckling,adult
1,suckling,
0,suffering,advantage
1,suffering,benefit
0,sufficing,inadequate
1,sufficing,inappropriate
0,suffocating,cool
1,suffocating,dry
0,suggesting,
1,suggesting,
0,suing,absolve
1,suing,deny
0,summering,
1,summering,
0,suppering,fast
1,suppering,abstain
0,supping,abstain
1,supping,accumulate
0,supplicating,happy
1,supplicating,unrepentant
0,supporting,against
1,supporting,opposing
0,supposing,
1,supposing,
0,surfacing,disappear
1,surfacing,dive
0,surging,
1,surging,
0,surpassing,humble
1,surpassing,inferior
0,surrounding,
1,surrounding,
0,surveying,careless
1,surveying,heedless
0,surviving,
1,surviving,
0,sustaining,
1,sustaining,
0,swaddling,uncover
1,swaddling,unwrap
0,swaggering,humble
1,swaggering,modest
0,swanking,old-fashioned
1,swanking,poor
0,swapping,keep
1,swapping,maintain
0,swarming,fixed
1,swarming,inoperative
0,swashbuckling,apathetic
1,swashbuckling,dull
0,swashing,collect
1,swashing,dehydrate
0,swaying,implausible
1,swaying,impotent
0,sweating,
1,sweating,
0,sweeping,narrow
1,sweeping,partial
0,sweetening,declining
1,sweetening,dying
0,sweethearting,ignore
1,sweethearting,stop
0,swelling,decrease
1,swelling,depression
0,sweltering,cold
1,sweltering,cool
0,swimming,
1,swimming,
0,swindling,aboveboard
1,swindling,ethical
0,swing,
1,swing,
0,swinging,
1,swinging,
0,swishing,
1,swishing,
0,switching,keep
1,switching,maintain
0,swooning,awake
1,swooning,aware
0,sympathizing,
1,sympathizing,
0,tabling,
1,tabling,
0,tacking,stagnation
1,tacking,
0,tackling,encouragement
1,tackling,aid
0,tailing,
1,tailing,
0,tailoring,
1,tailoring,
0,taking,
1,taking,
0,talebearing,
1,talebearing,
0,taletelling,
1,taletelling,
0,talking,hearing
1,talking,listening
0,tallowing,dry
1,tallowing,
0,tamping,abstain
1,tamping,diet
0,tangling,order
1,tangling,organization
0,tanning,danger
1,tanning,neglect
0,tapering,blunt
1,tapering,dull
0,tapping,
1,tapping,
0,tarrying,diligent
1,tarrying,eager
0,tasting,dislike
1,tasting,neglect
0,tatting,
1,tatting,
0,tattling,
1,tattling,
0,tattooing,
1,tattooing,
0,taunting,kind
1,taunting,nice
0,taxing,easy
1,taxing,facile
0,teaching,ignorance
1,teaching,neglect
0,teaming,hindrance
1,teaming,hurt
0,tearing,pleasant
1,tearing,pleasing
0,teasing,comforting
1,teasing,praising
0,teeming,empty
1,teeming,lacking
0,teletyping,
1,teletyping,
0,telling,impotent
1,telling,ineffective
0,temporizing,careless
1,temporizing,certain
0,tempting,distasteful
1,tempting,repulsive
0,terrifying,beautiful
1,terrifying,delightful
0,testing,
1,testing,
0,thanksgiving,
1,thanksgiving,
0,thickening,dispersal
1,thickening,separation
0,thieving,benevolent
1,thieving,philanthropic
0,thimblerigging,
1,thimblerigging,
0,thinking,brainless
1,thinking,dumb
0,thinning,building
1,thinning,happiness
0,thirsting,calm
1,thirsting,peaceful
0,thoroughgoing,incomplete
1,thoroughgoing,
0,thrashing,
1,thrashing,
0,threatening,good
1,threatening,kind
0,thrilling,usual
1,thrilling,depressing
0,thriving,failing
1,thriving,infirm
0,throttling,encourage
1,throttling,free
0,throwing,discourage
1,throwing,dissuade
0,thrusting,catch
1,thrusting,keeping
0,thudding,
1,thudding,
0,thumping,easy
1,thumping,impoverished
0,thundering,impoverished
1,thundering,inconsiderable
0,thwacking,lose
1,thwacking,praise
0,thwarting,
1,thwarting,
0,ticketing,
1,ticketing,
0,ticking,apathetic
1,ticking,asleep
0,tickling,
1,tickling,
0,tiding,silence
1,tiding,
0,tiling,
1,tiling,
0,tilting,kind
1,tilting,nice
0,timesaving,bad
1,timesaving,disadvantageous
0,timing,disorder
1,timing,disorganize
0,ting,
1,ting,
0,tingling,
1,tingling,
0,tinkling,
1,tinkling,
0,tinning,
1,tinning,
0,tinting,cleanliness
1,tinting,lot
0,tipping,
1,tipping,
0,tiptoeing,confront
1,tiptoeing,face
0,tiring,
1,tiring,
0,tithing,give
1,tithing,exonerate
0,titillating,bad
1,titillating,boring
0,titling,
1,titling,
0,tittering,
1,tittering,
0,toffing,appease
1,toffing,calm
0,toiling,be lazy
1,toiling,idle
0,tolling,
1,tolling,
0,tonguing,
1,tonguing,
0,tooling,plainness
1,tooling,eyesore
0,toothing,
1,toothing,
0,topping,
1,topping,
0,tormenting,pleasant
1,tormenting,pleasing
0,torturing,pleasant
1,torturing,pleasing
0,tossing,calm
1,tossing,harmony
0,tottering,
1,tottering,
0,totting,adolescent
1,totting,adult
0,touching,cheerful
1,touching,happy
0,touring,
1,touring,
0,toweling,dirty
1,toweling,
0,towering,common
1,towering,insignificant
0,towing,
1,towing,
0,toying,hastening
1,toying,hurrying
0,tracing,original
1,tracing,difference
0,traducing,kind
1,traducing,nice
0,trailing,ahead
1,trailing,guiding
0,trammeling,advance
1,trammeling,aid
0,tranquilizing,aggravating
1,tranquilizing,depressing
0,transcending,crude
1,transcending,dull
0,transferring,keeping
1,transferring,
0,transforming,hold
1,transforming,keep
0,transgressing,behave
1,transgressing,obey
0,transmuting,increase
1,transmuting,keep
0,transporting,
1,transporting,
0,trapping,letting go
1,trapping,release
0,traveling,fixed
1,traveling,immobile
0,traversing,fixed
1,traversing,immobile
0,treading,
1,treading,
0,treating,harmful
1,treating,hurtful
0,trembling,brave
1,trembling,calm
0,tricking,
1,tricking,help
0,trickling,pour
1,trickling,
0,trifling,big
1,trifling,effective
0,trilling,
1,trilling,
0,trimming,plainness
1,trimming,
0,tripling,abridge
1,tripling,cease
0,tripping,sober
1,tripping,straight
0,triumphing,sadness
1,triumphing,sorrow
0,trolling,
1,trolling,
0,troublemaking,calming
1,troublemaking,disciplined
0,troubling,good
1,troubling,happy
0,truckling,
1,truckling,
0,trumpeting,conceal
1,trumpeting,hide
0,trundling,
1,trundling,
0,trussing,
1,trussing,
0,trusting,
1,trusting,
0,truthtelling,deceitful
1,truthtelling,devious
0,Trying,easy
1,Trying,facile
0,trying,easy
1,trying,facile
0,trysting,ignore
1,trysting,let go
0,tubbing,dehydrate
1,tubbing,dirty
0,tubing,
1,tubing,
0,tucking,expand
1,tucking,let go
0,tugging,
1,tugging,
0,tumbling,
1,tumbling,
0,tuning,deregulation
1,tuning,disorganization
0,tunneling,
1,tunneling,
0,turning,fixed
1,turning,inoperative
0,twaddling,be quiet
1,twaddling,
0,twiddling,leave alone
1,twiddling,work
0,twinkling,
1,twinkling,
0,twinning,disconnect
1,twinning,disjoin
0,twisting,
1,twisting,
0,twittering,
1,twittering,
0,tying,
1,tying,
0,typesetting,
1,typesetting,
0,typewriting,
1,typewriting,
0,tyrannizing,follow
1,tyrannizing,submit
0,unaccommodating,easy
1,unaccommodating,facile
0,unamusing,calm
1,unamusing,easy
0,unappetizing,appetizing
1,unappetizing,delicious
0,unbalancing,aid
1,unbalancing,appease
0,unbearing,damp
1,unbearing,fruitful
0,unbelieving,
1,unbelieving,
0,unblushing,
1,unblushing,
0,unbracing,aid
1,unbracing,assist
0,uncombining,agree
1,uncombining,attach
0,uncompromising,flexible
1,uncompromising,irresolute
0,uncrowning,allow
1,uncrowning,obey
0,underbuilding,attic
1,underbuilding,
0,underclothing,
1,underclothing,
0,undercutting,fill
1,undercutting,add
0,undergirding,undermine
1,undergirding,weaken
0,undergoing,apathy
1,undergoing,cowardice
0,underling,master
1,underling,superior
0,underlying,secondary
1,underlying,
0,undermining,
1,undermining,
0,underpinning,
1,underpinning,
0,underrating,increase
1,underrating,raise
0,underselling,grow
1,underselling,increase
0,undervaluing,overvalue
1,undervaluing,overestimate
0,underwriting,disapprove
1,underwriting,hurt
0,undeserving,appropriate
1,undeserving,proper
0,undesigning,dishonest
1,undesigning,false
0,undiscerning,aware
1,undiscerning,seeing
0,undissembling,devious
1,undissembling,dishonest
0,undoubting,
1,undoubting,
0,undying,ending
1,undying,impermanent
0,unentertaining,exciting
1,unentertaining,happy
0,unexciting,creative
1,unexciting,eventful
0,unfaltering,faltering
1,unfaltering,unsettled
0,unfearing,afraid
1,unfearing,daunted
0,unflinching,afraid
1,unflinching,cowardly
0,unfolding,decline
1,unfolding,decrease
0,unforbearing,
1,unforbearing,
0,unforgiving,compassionate
1,unforgiving,considerate
0,ungiving,flexible
1,ungiving,irresolute
0,ungrudging,biased
1,ungrudging,disagreeable
0,unheeding,heeding
1,unheeding,
0,unhesitating,
1,unhesitating,
0,unimposing,arrogant
1,unimposing,flashy
0,uninteresting,exciting
1,uninteresting,happy
0,uninviting,
1,uninviting,
0,uniting,disagreeing
1,uniting,divergent
0,unknowing,aware
1,unknowing,conscious
0,unlocking,button
1,unlocking,fasten
0,unloosening,button
1,unloosening,fasten
0,unloving,warm-hearted
1,unloving,
0,unmarrying,associate
1,unmarrying,attach
0,unmasking,failure
1,unmasking,miss
0,unobserving,caring
1,unobserving,concerned
0,unoffending,culpable
1,unoffending,guilty
0,unpersevering,activated
1,unpersevering,active
0,unpitying,
1,unpitying,
0,unplugging,close up
1,unplugging,fill
0,unprepossessing,attractive
1,unprepossessing,beautiful
0,unprotesting,agitated
1,unprotesting,boisterous
0,unquestioning,
1,unquestioning,
0,unraveling,decline
1,unraveling,decrease
0,unreflecting,calm
1,unreflecting,cautious
0,unremitting,ceasing
1,unremitting,changing
0,unrepenting,compassionate
1,unrepenting,feeling
0,unresisting,
1,unresisting,
0,unrevealing,careless
1,unrevealing,certain
0,unrewarding,developing
1,unrewarding,fecund
0,unriddling,conceal
1,unriddling,confuse
0,unruffling,agitate
1,unruffling,anger
0,unsatisfying,agreeable
1,unsatisfying,encouraging
0,unscrewing,bind
1,unscrewing,limit
0,unsealing,
1,unsealing,
0,unsettling,auspicious
1,unsettling,comforting
0,unsexing,adulterate
1,unsexing,aid
0,unsleeping,
1,unsleeping,
0,unsteadying,stay
1,unsteadying,
0,unsticking,bind
1,unsticking,limit
0,unstimulating,bright
1,unstimulating,exciting
0,unstring,appease
1,unstring,calm
0,untaxing,difficult
1,untaxing,heavy
0,unthinking,careful
1,unthinking,cautious
0,unthreatening,cloudy
1,unthreatening,dark
0,unthriving,adequate
1,unthriving,enough
0,untrusting,
1,untrusting,
0,untwining,attach
1,untwining,connect
0,untwisting,destroy
1,untwisting,fail
0,unvarying,varying
1,unvarying,
0,unweaving,tangle
1,unweaving,twist
0,unwinding,active
1,unwinding,
0,unwitting,attentive
1,unwitting,conscious
0,upbraiding,kind
1,upbraiding,nice
0,uplifting,sad
1,uplifting,
0,uprising,calm
1,uprising,harmony
0,upsetting,agreeable
1,upsetting,calming
0,upstanding,bad
1,upstanding,corrupted
0,upswing,
1,upswing,
0,urging,discouragement
1,urging,
0,usurping,give
1,usurping,keep
0,vacillating,constant
1,vacillating,resolute
0,vanishing,
1,vanishing,
0,vaporing,
1,vaporing,
0,varnishing,
1,varnishing,
0,vaulting,
1,vaulting,
0,vaunting,humble
1,vaunting,modest
0,veiling,
1,veiling,obvious
0,veining,
1,veining,
0,vending,building
1,vending,construction
0,veneering,reality
1,veneering,
0,ventilating,be quiet
1,ventilating,close
0,vesting,refuse
1,vesting,take
0,vibrating,clear
1,vibrating,elevated
0,victualing,neglect
1,victualing,abandon
0,viking,
1,viking,
0,visiting,
1,visiting,
0,vitalizing,boring
1,vitalizing,depressing
0,voicing,
1,voicing,
0,voiding,approval
1,voiding,beginning
0,volleying,discourage
1,volleying,dissuade
0,vomiting,
1,vomiting,
0,voting,
1,voting,
0,vying,different
1,vying,dissimilar
0,wadding,exteriority
1,wadding,outside
0,waddling,
1,waddling,
0,wading,avoid
1,wading,be lazy
0,wagering,certainty
1,wagering,proof
0,waggling,
1,waggling,
0,wainscoting,
1,wainscoting,
0,waiting,
1,waiting,
0,wakening,discourage
1,wakening,dissuade
0,waking,asleep
1,waking,drowsy
0,walking,
1,walking,
0,walling,free
1,walling,let go
0,walloping,
1,walloping,
0,wallpapering,peel
1,wallpapering,strip
0,wandering,
1,wandering,
0,waning,waxing
1,waning,
0,wanting,adequate
1,wanting,enough
0,warbling,
1,warbling,
0,warding,lay bare
1,warding,make vulnerable
0,Waring,accord
1,Waring,harmony
0,warming,aggravating
1,warming,depressing
0,warmongering,kind
1,warmongering,nice
0,warning,
1,warning,
0,warping,beautify
1,warping,clean
0,washing,
1,washing,
0,wasting,able
1,wasting,fit
0,watching,unobservant
1,watching,
0,watering,collect
1,watering,dehydrate
0,waterlogging,dehydrate
1,waterlogging,dry
0,waterproofing,begin
1,waterproofing,continue
0,wavering,unchanging
1,wavering,
0,waving,
1,waving,
0,waxing,shrinking
1,waxing,
0,wayfaring,settled
1,wayfaring,unmoving
0,weakening,improving
1,weakening,increasing
0,weakling,strongman
1,weakling,
0,weanling,
1,weanling,
0,wearing,
1,wearing,
0,weathering,
1,weathering,
0,weaving,constant
1,weaving,continuous
0,webbing,
1,webbing,
0,wedging,allow
1,wedging,clear
0,weeping,
1,weeping,
0,weighing,
1,weighing,
0,weighting,use
1,weighting,abstain
0,welcoming,
1,welcoming,
0,welding,
1,welding,
0,welling,completion
1,welling,conclusion
0,wellspring,completion
1,wellspring,conclusion
0,welting,lose
1,welting,praise
0,wetting,collect
1,wetting,dehydrate
0,whacking,
1,whacking,
0,whaling,little
1,whaling,miniature
0,wheedling,reasonable
1,wheedling,sincere
0,wheeling,
1,wheeling,
0,whiffling,calm
1,whiffling,hold
0,whimpering,cheerful
1,whimpering,easygoing
0,whipping,
1,whipping,
0,whirling,
1,whirling,
0,whisking,
1,whisking,
0,whispering,howling
1,whispering,screaming
0,whistling,
1,whistling,
0,whitening,brighten
1,whitening,darken
0,whiting,accuse
1,whiting,aggravate
0,whittling,develop
1,whittling,enlarge
0,whizzing,slow
1,whizzing,crawling
0,whooping,
1,whooping,
0,whopping,small
1,whopping,tiny
0,wigging,compliment
1,wigging,laud
0,wildcatting,abstain
1,wildcatting,ignore
0,wincing,face
1,wincing,meet
0,winding,direct
1,winding,simple
0,wing,base
1,wing,headquarters
0,winking,
1,winking,
0,winning,losing
1,winning,unsuccessful
0,winnowing,
1,winnowing,
0,wintering,
1,wintering,
0,wirepulling,
1,wirepulling,
0,wiring,
1,wiring,
0,wishing,
1,wishing,
0,witching,
1,witching,repellent
0,withdrawing,higher
1,withdrawing,lofty
0,withering,
1,withering,
0,witling,brain
1,witling,
0,witting,ignorant
1,witting,indifferent
0,wobbling,
1,wobbling,
0,wondering,
1,wondering,
0,wonting,disarrange
1,wonting,disorder
0,wooing,hateful
1,wooing,unfriendly
0,woolgathering,alert
1,woolgathering,attentive
0,wording,
1,wording,
0,working,idle
1,working,inactive
0,worming,standing
1,worming,upright
0,worrying,unworried
1,worrying,cheerful
0,worsening,cheerful
1,worsening,good
0,wounding,mild
1,wounding,nice
0,wrapping,
1,wrapping,
0,wrecking,
1,wrecking,
0,wresting,give
1,wresting,
0,wrestling,kind
1,wrestling,nice
0,wring,aid
1,wring,assist
0,writhing,
1,writhing,
0,writing,
1,writing,
0,wrongdoing,behavior
1,wrongdoing,kindness
0,yachting,
1,yachting,
0,yanking,fix
1,yanking,put in
0,yapping,
1,yapping,
0,yawning,cramped
1,yawning,little
0,yearling,
1,yearling,
0,yearning,apathy
1,yearning,disinterest
0,yeasting,abridge
1,yeasting,compress
0,yelling,whisper
1,yelling,whispering
0,yellowing,brave
1,yellowing,bold
0,yielding,hard
1,yielding,obstinate
0,yoking,mastery
1,yoking,
0,youngling,
1,youngling,
0,zing,apathy
1,zing,dullness
0,zipping,inactivity
1,zipping,lethargy
0,zoning,
1,zoning,
