,original,synonyms
0,abbot,monk
1,abbot,friar
0,abler,adept
1,abler,adequate
0,abrupt,blunt
1,abrupt,brusque
0,abyss,chasm
1,abyss,crevasse
0,accede,acquiesce
1,accede,accept
0,accession,enlargement
1,accession,extension
0,accordant,agreeing
1,accordant,conforming
0,accurate,authentic
1,accurate,careful
0,achene,kernel
1,achene,caryopsis
0,acidic,sour
1,acidic,astringent
0,acidify,acerbate
1,acidify,acidulate
0,acknowledge,accept
1,acknowledge,agree
0,acquaint,accustom
1,acquaint,advise
0,acuminate,edged
1,acuminate,fine
0,adequate,acceptable
1,adequate,capable
0,adjourn,defer
1,adjourn,delay
0,adjust,accommodate
1,adjust,accustom
0,admonitor,aide
1,admonitor,coach
0,adroit,adept
1,adroit,artful
0,adumbrative,classic
1,adumbrative,classical
0,adventuresome,audacious
1,adventuresome,bold
0,aerodrome,air base
1,aerodrome,airfield
0,aerophyte,epiphyte
1,aerophyte,epiphytic plant
0,affectionate,caring
1,affectionate,friendly
0,afire,aflame
1,afire,burning
0,aftereffect,aftermath
1,aftereffect,aftershock
0,aggregate,accumulated
1,aggregate,combined
0,aggrieve,oppress
1,aggrieve,abuse
0,agnosticism,ambiguity
1,agnosticism,apprehension
0,agrology,farming
1,agrology,gardening
0,agronomist,gardener
1,agronomist,grower
0,ah,ahem
1,ah,alas
0,ai,intracervical insemination
1,ai,intratubal insemination
0,airhead,airbrain
1,airhead,birdbrain
0,ait,isle
1,ait,islet
0,alcazar,acropolis
1,alcazar,citadel
0,allow,grant
1,allow,acquiesce
0,altitude,distance
1,altitude,elevation
0,am,Artium Magister
1,am,ma
0,amanuensis,agent
1,amanuensis,auditor
0,amative,amatory
1,amative,amorous
0,amend,alter
1,amend,enhance
0,amethyst,color
1,amethyst,lavender
0,amour,affair
1,amour,entanglement
0,amphetamine,stimulant
1,amphetamine,STP
0,anachronism,misplacement
1,anachronism,prolepsis
0,anachronize,antecede
1,anachronize,backdate
0,analysis,inquiry
1,analysis,investigation
0,anarchism,chaos
1,anarchism,complication
0,anecdote,episode
1,anecdote,gag
0,anecdotist,storyteller
1,anecdotist,narrator
0,anodize,bronze
1,anodize,chrome
0,antagonization,alienation
1,antagonization,disaffection
0,antecessor,forebear
1,antecessor,forefather
0,antithesis,antipode
1,antithesis,contra
0,aphorism,adage
1,aphorism,axiom
0,apologia,apologetics
1,apologia,apology
0,apotheosis,deification
1,apotheosis,elevation
0,append,affix
1,append,adjoin
0,applesauce,bunk
1,applesauce,fudge
0,aptitude,predilection
1,aptitude,propensity
0,aquifer,water level
1,aquifer,artesian basin
0,archaicism,age
1,archaicism,ancientness
0,archfiend,beast
1,archfiend,demon
0,are,abide
1,are,act
0,arena,field
1,arena,gym
0,arose,came
1,arose,
0,arrant,absolute
1,arrant,blatant
0,artistry,ability
1,artistry,accomplishment
0,ascend,climb
1,ascend,escalate
0,asceticism,chastity
1,asceticism,fasting
0,asepticism,blandness
1,asepticism,drabness
0,aspect,attitude
1,aspect,condition
0,asperse,blacken
1,asperse,defame
0,aspersive,backbiting
1,aspersive,calumniatory
0,assay,appraisal
1,assay,assessment
0,assert,affirm
1,assert,allege
0,asseveration,affirmation
1,asseveration,allegation
0,assiduity,assiduousness
1,assiduity,attention
0,assume,accept
1,assume,conclude
0,astronomer,astrophysicist
1,astronomer,cosmologist
0,asyndeton,adumbration
1,asyndeton,allegory
0,atelier,cave
1,atelier,hotbed
0,attain,complete
1,attain,earn
0,attend,show up
1,attend,visit
0,attendant,accompanying
1,attendant,consequent
0,attributive,accessory
1,attributive,adjunct
0,autoclave,airtight pot
1,autoclave,
0,ave,Ave Maria
1,ave,Hail Mary pass
0,aviatrix,aviator
1,aviatrix,ace
0,avid,ardent
1,avid,devoted
0,await,anticipate
1,await,attend
0,backlash,reaction
1,backlash,repercussion
0,backlog,inventory
1,backlog,stockpile
0,backwash,aftermath
1,backwash,result
0,balky,unruly
1,balky,averse
0,ban,boycott
1,ban,censorship
0,bandstand,arbor
1,bandstand,belvedere
0,barbarize,automate
1,barbarize,brutalize
0,bash,celebration
1,bash,spree
0,beaten,humbled
1,beaten,overpowered
0,bedstead,bunk
1,bedstead,cot
0,beeswax,interest
1,beeswax,issue
0,behave,act
1,behave,operate
0,believe,accept
1,believe,admit
0,bellicose,antagonistic
1,bellicose,combative
0,bereave,dispossess
1,bereave,divest
0,bibcock,nozzle
1,bibcock,valve
0,biome,ecosystem
1,biome,habitat
0,bittersweet,poignant
1,bittersweet,stirring
0,blackface,clown white
1,blackface,greasepaint
0,blain,abscess
1,blain,cyst
0,blase,apathetic
1,blase,been around twice
0,bleach,lighten
1,bleach,achromatize
0,blend,amalgam
1,blend,brew
0,blink,flash
1,blink,flicker
0,blubber,blub
1,blubber,fat
0,bombastry,balderdash
1,bombastry,bluster
0,boondoggle,betrayal
1,boondoggle,deceit
0,brainsick,batty
1,brainsick,bonkers
0,brave,adventurous
1,brave,audacious
0,breeze,air
1,breeze,breath
0,bridgework,dentition
1,bridgework,denture
0,brink,fringe
1,brink,periphery
0,burglarize,break into
1,burglarize,burgle
0,burnt,charred
1,burnt,parched
0,caballer,accomplice
1,caballer,collaborator
0,cadre,organization
1,cadre,personnel
0,cake,loaf
1,cake,block
0,caliph,emperor
1,caliph,monarch
0,cancroid,Cancer
1,cancroid,excrescence
0,canonicate,priesthood
1,canonicate,cardinalate
0,canonist,adherent
1,canonist,devotee
0,cantaloupe,melon
1,cantaloupe,rock melon
0,carouse,booze
1,carouse,drink
0,carry,bear
1,carry,bring
0,cartography,earth science
1,cartography,geology
0,carve,chisel
1,carve,divide
0,caryopsides,kernel
1,caryopsides,achene
0,casuistry,chicanery
1,casuistry,deception
0,catachresis,atrocity
1,catachresis,barbarity
0,catamenia,menorrhea
1,catamenia,menses
0,cave,cavern
1,cave,grotto
0,cellulose,glucose
1,cellulose,lactose
0,center,inside
1,center,interior
0,certainty,confidence
1,certainty,inevitability
0,certitude,assurance
1,certitude,assuredness
0,cetacean,beluga
1,cetacean,dolphin
0,chao,anarchy
1,chao,disarray
0,checkmate,baffle
1,checkmate,conquer
0,cheep,chip
1,cheep,chirp
0,chew,bite
1,chew,chomp
0,chiefest,leading
1,chiefest,main
0,chivalric,brave
1,chivalric,chivalrous
0,choose,accept
1,choose,adopt
0,chorography,earth science
1,chorography,geology
0,cilia,grain
1,cilia,thread
0,cinematize,capture
1,cinematize,illustrate
0,cinereal,drab
1,cinereal,dusty
0,clad,arrayed
1,clad,attired
0,clambake,accumulation
1,clambake,aggregation
0,clandestine,covert
1,clandestine,fraudulent
0,clangor,blare
1,clangor,noise
0,clave,hew
1,clave,sunder
0,cleanup,completion
1,cleanup,culmination
0,cleave,hew
1,cleave,sunder
0,cloudy,dark
1,cloudy,dense
0,coaster,plate
1,coaster,board
0,coaxer,allurer
1,coaxer,charmer
0,codicil,addendum
1,codicil,addition
0,cogitate,brainstorm
1,cogitate,cerebrate
0,cogitation,cerebration
1,cogitation,consideration
0,collect,amass
1,collect,assemble
0,collinear,consecutive
1,collinear,nonstop
0,come,appear
1,come,arrive
0,commend,applaud
1,commend,approve
0,commiseration,compassion
1,commiseration,condolence
0,commissionaire,courier
1,commissionaire,emissary
0,commutative,capricious
1,commutative,fickle
0,comparative,provisional
1,comparative,approaching
0,compare,analyze
1,compare,contrast
0,complain,accuse
1,complain,criticize
0,compositor,publisher
1,compositor,typographer
0,compulsive,enthusiastic
1,compulsive,irresistible
0,concave,biconcave
1,concave,cupped
0,conclave,confab
1,conclave,assembly
0,concordat,covenant
1,concordat,pact
0,concretize,demonstrate
1,concretize,epitomize
0,condescend,accommodate
1,condescend,accord
0,conferee,delivery
1,conferee,passenger
0,confusion,bewilderment
1,confusion,disorientation
0,connotative,hinting
1,connotative,implying
0,consanguinean,biological relationship
1,consanguinean,blood
0,consensus,accord
1,consensus,consent
0,consider,acknowledge
1,consider,contemplate
0,consuetude,familiarity
1,consuetude,habit
0,contemplation,meditation
1,contemplation,reflection
0,continue,advance
1,continue,carry on
0,convene,assemble
1,convene,gather
0,converge,assemble
1,converge,concentrate
0,cornerwise,sideways
1,cornerwise,aslant
0,corporeity,element
1,corporeity,material
0,correct,accurate
1,correct,appropriate
0,correctitude,civility
1,correctitude,decency
0,corroborative,collateral
1,corroborative,supporting
0,cortex,bark
1,cortex,layer
0,coterie,cadre
1,coterie,circle
0,counterplay,attack
1,counterplay,reprisal
0,cove,anchorage
1,cove,arm
0,crap,junk
1,crap,garbage
0,crapshooter,bettor
1,crapshooter,bookie
0,crate,box
1,crate,cage
0,crave,covet
1,crave,cry out for
0,crumby,rough
1,crumby,base
0,crunchy,chewy
1,crunchy,crackling
0,culm,anthracite
1,culm,ash
0,curiology,cuneal writing
1,curiology,cuneiform
0,curlicue,braid
1,curlicue,tendril
0,curmudgeon,bellyacher
1,curmudgeon,complainer
0,cursive,comfortable
1,cursive,effortless
0,dapifer,administrator
1,dapifer,attendant
0,daresay,allow
1,daresay,assume
0,deathwatch,rites
1,deathwatch,vigil
0,deed,accomplishment
1,deed,act
0,deem,allow
1,deem,assume
0,deify,idealize
1,deify,adore
0,delete,annul
1,delete,black out
0,denunciative,accusatory
1,denunciative,comminative
0,deprave,bastardize
1,deprave,bestialize
0,descend,cascade
1,descend,collapse
0,despoil,denude
1,despoil,depopulate
0,diagnosis,analysis
1,diagnosis,conclusion
0,dibs,entitlement
1,dibs,privilege
0,dichotomize,cut across
1,dichotomize,bifurcate
0,dinghy,life raft
1,dinghy,lifeboat
0,disbelieve,repudiate
1,disbelieve,discount
0,discommend,depreciate
1,discommend,derogate
0,discursive,deviating
1,discursive,digressive
0,dismiss,decline
1,dismiss,disband
0,dispose,adapt
1,dispose,incline
0,disrespect,contempt
1,disrespect,boldness
0,dissymmetry,imbalance
1,dissymmetry,inequality
0,diverse,differing
1,diverse,disparate
0,do,accomplish
1,do,achieve
0,dolesome,afflicted
1,dolesome,afflictive
0,domain,realm
1,domain,sphere
0,dome,arcade
1,dome,arch
0,domesticize,break
1,domesticize,bridle
0,dominate,command
1,dominate,control
0,doxologize,intone
1,doxologize,recite
0,drear,dark
1,drear,dismal
0,dreg,deposits
1,dreg,dirt
0,dude,buddy
1,dude,chap
0,duodena,belly
1,duodena,innards
0,earthwork,barricade
1,earthwork,citadel
0,eave,band
1,eave,crown
0,echo,imitation
1,echo,parallel
0,edge,boundary
1,edge,brink
0,educe,conclude
1,educe,deduce
0,effeminate,epicene
1,effeminate,feminine
0,effusive,demonstrative
1,effusive,ebullient
0,egad,ahem
1,egad,alas
0,electorate,constituency
1,electorate,voter
0,electrolier,candelabrum
1,electrolier,corona
0,electroplate,anodize
1,electroplate,bronze
0,elegant,chic
1,elegant,classic
0,elenchi,rebuttal
1,elenchi,argument
0,elusive,ambiguous
1,elusive,fleeting
0,emend,alter
1,emend,amend
0,emit,beam
1,emit,belch
0,empathize,sympathize
1,empathize,comprehend
0,emulative,apish
1,emulative,copied
0,enamel,coating
1,enamel,glaze
0,enclave,ascendancy
1,enclave,authorization
0,encroach,horn in
1,encroach,impinge
0,endwise,antipodal
1,endwise,closing
0,engrave,chisel
1,engrave,embed
0,enhearten,buoy
1,enhearten,energize
0,enrich,augment
1,enrich,cultivate
0,enslave,coerce
1,enslave,deprive
0,entertain,beguile
1,entertain,captivate
0,entrain,catch
1,entrain,climb on
0,entrepreneur,administrator
1,entrepreneur,contractor
0,environmentalist,ecologist
1,environmentalist,naturalist
0,envisage,confront
1,envisage,consider
0,epicarp,bark
1,epicarp,cover
0,episcopate,diocese
1,episcopate,episcopacy
0,epochal,fitful
1,epochal,infrequent
0,equerry,hostler
1,equerry,stable person
0,erect,cocked
1,erect,elevated
0,erose,incised
1,erose,serrate
0,eroticism,arousal
1,eroticism,libido
0,ersatz,counterfeit
1,ersatz,fake
0,erudite,knowledgeable
1,erudite,literate
0,escalate,expand
1,escalate,grow
0,escritoire,davenport
1,escritoire,secretary
0,esotericism,newness
1,esotericism,weirdness
0,esoterism,newness
1,esoterism,weirdness
0,essay,article
1,essay,discussion
0,esteem,hold dear
1,esteem,revere
0,eu,EEC
1,eu,European Economic Community
0,euphemism,circumlocution
1,euphemism,delicacy
0,euphemize,back and fill
1,euphemize,beat around the bush
0,eventualize,arise
1,eventualize,befall
0,everywhither,haphazardly
1,everywhither,randomly
0,evocative,expressive
1,evocative,reminiscent
0,exactitude,carefulness
1,exactitude,correctness
0,excretion,defecation
1,excretion,discharge
0,executrix,administrator
1,executrix,agent
0,exhibitor,counselor
1,exhibitor,mentor
0,exhortative,academic
1,exhortative,advisory
0,exist,continue
1,exist,endure
0,exorbitant,enormous
1,exorbitant,inordinate
0,expatiate,develop
1,expatiate,dilate
0,expect,await
1,expect,forecast
0,expectant,alert
1,expectant,anticipative
0,expend,ante up
1,expend,consume
0,expire,cease
1,expire,close
0,explanative,annotative
1,explanative,clarifying
0,explicative,annotative
1,explicative,clarifying
0,expose,bare
1,expose,bring to light
0,exquisite,admirable
1,exquisite,charming
0,extensive,broad
1,extensive,comprehensive
0,extort,coerce
1,extort,elicit
0,extricate,bail out
1,extricate,detach
0,exuberant,animated
1,exuberant,brash
0,exultant,delighted
1,exultant,ecstatic
0,facile,effortless
1,facile,glib
0,faint,delicate
1,faint,dim
0,fake,bogus
1,fake,counterfeit
0,falchion,blade
1,falchion,dagger
0,farewell,adieu
1,farewell,bon voyage
0,fatty,greasy
1,fatty,oily
0,faucet,nozzle
1,faucet,valve
0,fawn,yearling
1,fawn,baby buck
0,feed,barley
1,feed,corn
0,fey,clairvoyant
1,fey,dead
0,filter,clean
1,filter,drain
0,finalize,agree
1,finalize,conclude
0,find,treasure trove
1,find,acquisition
0,fink,canary
1,fink,narc
0,fireflower,bursts
1,fireflower,illuminations
0,fisheye,glaring
1,fisheye,gun
0,flagrant,atrocious
1,flagrant,bold
0,fleer,grimace
1,fleer,grin
0,fleetness,celerity
1,fleetness,expedition
0,flex,lean
1,flex,tighten
0,flippant,cheeky
1,flippant,cocky
0,floss,embellishment
1,floss,ornament
0,flyback,bound
1,flyback,bump
0,follow,pursue
1,follow,chase
0,font,fount
1,font,fountain
0,foozle,bungler
1,foozle,clod
0,forepart,nose
1,forepart,beak
0,foresee,discern
1,foresee,envisage
0,foretell,anticipate
1,foretell,augur
0,fortitude,boldness
1,fortitude,bravery
0,fortunate,affluent
1,fortunate,encouraging
0,fragrant,aromatic
1,fragrant,delicious
0,frolicsome,antic
1,frolicsome,coltish
0,fructify,fecundate
1,fructify,impregnate
0,fur,coat
1,fur,jacket
0,gain,achievement
1,gain,advance
0,gainsay,combat
1,gainsay,contravene
0,galumph,clatter
1,galumph,clomp
0,galvanism,heat
1,galvanism,service
0,gantry,booth
1,gantry,platform
0,garter,badge
1,garter,ribbon
0,gateway,arch
1,gateway,entrance
0,germfree,hygienic
1,germfree,sterile
0,gesticulative,stylistic
1,gesticulative,bombastic
0,get,bring
1,get,draw
0,ghetto,public squalor
1,ghetto,rundown section of a city
0,gibbon,chimpanzee
1,gibbon,gorilla
0,gingerbread,added
1,gingerbread,additional
0,give,accord
1,give,allow
0,glaive,blade
1,glaive,dagger
0,glamorize,adorn
1,glamorize,bedeck
0,glisten,flicker
1,glisten,gleam
0,globate,celestial
1,globate,circular
0,glume,chaff
1,glume,pod
0,gluten,cereal
1,gluten,grass
0,gluttonize,Hoover
1,gluttonize,binge
0,gnash,clamp
1,gnash,crush
0,go,activity
1,go,animation
0,grandiose,ambitious
1,grandiose,bombastic
0,grantee,heir
1,grantee,recipient
0,grave,dignified
1,grave,dull
0,graveyard,burial ground
1,graveyard,cemetery
0,grieve,ache
1,grieve,cry
0,grist,cereal
1,grist,corn
0,grope,cast about
1,grope,flounder
0,grubstake,CD
1,grubstake,IRA
0,gruesome,appalling
1,gruesome,frightful
0,gulfweed,algae
1,gulfweed,rockweed
0,gulp,draught
1,gulp,mouthful
0,gunpowder,ammo
1,gunpowder,armament
0,habitude,addiction
1,habitude,characteristic
0,halve,bisect
1,halve,divide equally
0,handout,aid
1,handout,alms
0,harasser,bulldozer
1,harasser,intimidator
0,have,accept
1,have,acquire
0,haversack,knapsack
1,haversack,pack
0,hearsay,gossip
1,hearsay,clothesline
0,heave,fling
1,heave,haul
0,hebetude,apathy
1,hebetude,coma
0,hedonism,debauchery
1,hedonism,enjoyment
0,heterodoxy,discord
1,heterodoxy,dissension
0,heyday,acme
1,heyday,culmination
0,highbinder,accomplice
1,highbinder,collaborator
0,hold,dominance
1,hold,grip
0,holiday,anniversary
1,holiday,break
0,homilize,preachify
1,homilize,proclaim
0,honorarium,compensation
1,honorarium,gratuity
0,hunky,attractive
1,hunky,handsome
0,hygrometry,Nilometer
1,hygrometry,pluviometer
0,hypnotism,fascination
1,hypnotism,hypnosis
0,hypothesis,assumption
1,hypothesis,axiom
0,i,he
1,i,it
0,ignite,burn
1,ignite,flare up
0,immediacy,adjacency
1,immediacy,approach
0,immense,boundless
1,immense,colossal
0,immix,admix
1,immix,amalgamate
0,importation,access
1,importation,accession
0,imprest,affect
1,imprest,awe
0,impugn,assail
1,impugn,contravene
0,incur,acquire
1,incur,arouse
0,indicate,announce
1,indicate,argue
0,indicia,clue
1,indicia,confirmation
0,inexplicit,clear as dishwater
1,inexplicit,cloudy
0,inexpressive,devoid
1,inexpressive,dull
0,infantine,childlike
1,infantine,foolish
0,ingenerate,constitutional
1,ingenerate,essential
0,inguen,genitals
1,inguen,privates
0,inherit,acquire
1,inherit,derive
0,inner,close
1,inner,constitutional
0,inquest,inquisition
1,inquest,examination
0,insomniac,alive
1,insomniac,astir
0,intelligentsia,circle
1,intelligentsia,club
0,intend,aim
1,intend,contemplate
0,interdepend,affect
1,interdepend,apply
0,interurban,burghal
1,interurban,citified
0,intervolve,convolute
1,intervolve,convolve
0,interweave,fuse
1,interweave,intertwine
0,intricate,baroque
1,intricate,complex
0,inveigh,admonish
1,inveigh,berate
0,inveterate,addicted
1,inveterate,habitual
0,involve,affect
1,involve,associate
0,irksome,aggravating
1,irksome,bothersome
0,ischemia,chlorosis
1,ischemia,emptiness
0,itch,crawling
1,itch,creeping
0,jerry,bedpan
1,jerry,chamber
0,jittery,anxious
1,jittery,apprehensive
0,judiciary,assizes
1,judiciary,bar
0,keynote,basis
1,keynote,center
0,kitchenware,housewares
1,kitchenware,plumbing
0,knead,massage
1,knead,rub
0,knickknack,bauble
1,knickknack,bric-a-brac
0,know,appreciate
1,know,experience
0,lachrymose,sad
1,lachrymose,tearful
0,lake,basin
1,lake,lagoon
0,lanate,furry
1,lanate,fuzzy
0,lave,bath
1,lave,bathe
0,leave,allowance
1,leave,authorization
0,leer,eye
1,leer,eyeball
0,leg,lap
1,leg,limb
0,legerdemain,artfulness
1,legerdemain,chicanery
0,legislator,administrator
1,legislator,council member
0,lend,add
1,lend,afford
0,lengthwise,along
1,lengthwise,alongside
0,levy,burden
1,levy,duty
0,lichen,bog
1,lichen,morass
0,likewise,besides
1,likewise,too
0,lithograph,etching
1,lithograph,illustration
0,locomote,bend
1,locomote,change
0,logography,orthographic study
1,logography,
0,longitude,breadth
1,longitude,diameter
0,longwise,lengthwise
1,longwise,
0,loud,big
1,loud,boisterous
0,lumber,plod
1,lumber,shuffle
0,luxuriant,lush
1,luxuriant,opulent
0,macaronicism,Fescennine verse
1,macaronicism,Hudibrastic verse
0,mackintosh,overcoat
1,mackintosh,slicker
0,macrocosm,cosmos
1,macrocosm,nature
0,macroseism,shock
1,macroseism,temblor
0,make,cause
1,make,compose
0,manor,mansion
1,manor,castle
0,manus,fingernail
1,manus,paw
0,marc,whiskey
1,marc,cognac
0,marginalize,criticize
1,marginalize,demean
0,mastermind,organize
1,mastermind,author
0,meaty,interesting
1,meaty,weighty
0,mechanism,instrument
1,mechanism,structure
0,meek,deferential
1,meek,docile
0,meeter,accommodated
1,meeter,appropriate
0,merry,amusing
1,merry,cheerful
0,mesmerism,attractiveness
1,mesmerism,aura
0,microwave,bake
1,microwave,zap
0,mimetism,pastiche
1,mimetism,apery
0,minim,atom
1,minim,butt
0,mink,cloak
1,mink,frock
0,minutiae,trivia
1,minutiae,incidental
0,misbehave,act up
1,misbehave,fool around
0,misbelieve,disbelieve
1,misbelieve,discredit
0,miss,absence
1,miss,blunder
0,mist,cloud
1,mist,dew
0,moderate,balanced
1,moderate,bearable
0,modicum,iota
1,modicum,ounce
0,monition,admonition
1,monition,caution
0,muckrake,barnstorm
1,muckrake,lobby
0,multitude,horde
1,multitude,legion
0,murk,dimness
1,murk,dusk
0,myopia,narrow-mindedness
1,myopia,blind spot
0,natant,floating
1,natant,natatorial
0,necropolis,catacomb
1,necropolis,charnel
0,neurosis,inhibition
1,neurosis,aberration
0,neuroticism,anger
1,neuroticism,stage fright
0,neverland,Cloudcuckooland
1,neverland,Cockaigne
0,newsstand,booth
1,newsstand,stall
0,notarize,authenticate
1,notarize,attest
0,nude,naked
1,nude,dishabille
0,oasis,fountain
1,oasis,well
0,obdurate,adamant
1,obdurate,bullhead
0,obsecrate,ask
1,obsecrate,beseech
0,obsession,compulsion
1,obsession,delusion
0,occlude,choke
1,occlude,clog
0,ochroid,aureate
1,ochroid,auric
0,octave,eight
1,octave,interval
0,offend,aggrieve
1,offend,anger
0,offprint,album
1,offprint,booklet
0,ogle,eyeball
1,ogle,gawk
0,olid,contaminated
1,olid,disagreeable
0,omit,bypass
1,omit,delete
0,onomatopoeia,imitation
1,onomatopoeia,parallel
0,onset,commencement
1,onset,dawning
0,ontologism,cabala
1,ontologism,cabalism
0,operose,arduous
1,operose,diligent
0,ophthalmic,eye
1,ophthalmic,optic
0,oppose,argue
1,oppose,assail
0,oppositeness,antithesis
1,oppositeness,contradiction
0,opprobriate,belittle
1,opprobriate,condemn
0,oratorio,chant
1,oratorio,ditty
0,originative,gifted
1,originative,ingenious
0,ornamentalize,adorn
1,ornamentalize,beautify
0,ornate,baroque
1,ornate,beautiful
0,orphan,foundling
1,orphan,ragamuffin
0,osculate,buss
1,osculate,contact
0,otiose,idle
1,otiose,indolent
0,oust,depose
1,oust,dethrone
0,outthrust,lump
1,outthrust,nodule
0,outvote,alter
1,outvote,annul
0,overcloud,becloud
1,overcloud,befog
0,overdelicate,choosy
1,overdelicate,discriminating
0,overdo,exaggerate
1,overdo,overestimate
0,overelaborate,baroque
1,overelaborate,beautiful
0,overextend,cripple
1,overextend,disable
0,overprize,exaggerate
1,overprize,magnify
0,oversee,command
1,oversee,manage
0,oversensitiveness,inflammation
1,oversensitiveness,irritability
0,overset,alter
1,overset,annul
0,owe,incur
1,owe,lost
0,pacifier,friend
1,pacifier,sympathizer
0,pacify,allay
1,pacify,ameliorate
0,paladin,champion
1,paladin,hero
0,palliative,curative
1,palliative,disciplinary
0,palmist,augur
1,palmist,clairvoyant
0,pan,bucket
1,pan,frying pan
0,pandect,aerial perspective
1,pandect,aerial view
0,pantile,brick
1,pantile,plate
0,papistry,Catholicism
1,papistry,Catholicity
0,paradisal,adorable
1,paradisal,alluring
0,passive,apathetic
1,passive,indifferent
0,pathos,emotion
1,pathos,passion
0,patriotism,loyalty
1,patriotism,nationalism
0,pave,brick
1,pave,cobblestone
0,peculiarize,define
1,peculiarize,describe
0,pedigree,thoroughbred
1,pedigree,full-blooded
0,pee,micturate
1,pee,tinkle
0,peeve,annoyance
1,peeve,bother
0,pejorate,atrophy
1,pejorate,corrode
0,pend,await
1,pend,hang
0,penna,body feather
1,penna,down feather
0,pericarp,carapace
1,pericarp,carcass
0,persona,character
1,persona,identity
0,perversive,contaminating
1,perversive,contaminative
0,phantasmagoria,aberration
1,phantasmagoria,apparition
0,pharisee,bigot
1,pharisee,charlatan
0,pharmacopoeia,fund
1,pharmacopoeia,goods
0,phenomenology,intentionality
1,phenomenology,life-world
0,phizog,appearance
1,phizog,demeanor
0,phoneme,ABCs
1,phoneme,characters
0,phosphorus,Phosphor
1,phosphorus,Venus
0,physiography,earth science
1,physiography,geology
0,physiotherapist,occupational therapist
1,physiotherapist,speech therapist
0,phytogeography,anatomy
1,phytogeography,cytology
0,pianola,grand piano
1,pianola,instrument
0,pickle,bind
1,pickle,box
0,pilose,bearded
1,pilose,bewhiskered
0,pink,blush
1,pink,coral
0,pint,British imperial liquid measure
1,pint,US liquid measure
0,pitchy,atramentous
1,pitchy,brunet
0,pitiless,austere
1,pitiless,barbarous
0,placid,easygoing
1,placid,even-tempered
0,plain,transparent
1,plain,audible
0,plainer,transparent
1,plainer,audible
0,planate,alike
1,planate,balanced
0,plasterboard,Sheetrock
1,plasterboard,drywall
0,platitude,banality
1,platitude,bromide
0,plodder,factotum
1,plodder,grind
0,plumbean,galena
1,plumbean,lead
0,plumbic,galena
1,plumbic,lead
0,plumose,featherlike
1,plumose,feathery
0,podium,dais
1,podium,platform
0,polis,capital
1,polis,center
0,polychrome,checkered
1,polychrome,dappled
0,pose,mannerism
1,pose,mien
0,possessive,selfish
1,possessive,craving
0,potentate,despot
1,potentate,autocrat
0,pothead,burnout
1,pothead,dopehead
0,pour,cascade
1,pour,discharge
0,pragmatism,advantage
1,pragmatism,advantageousness
0,preclusive,defending
1,preclusive,defensive
0,predominate,hold sway
1,predominate,command
0,prefer,adopt
1,prefer,choose
0,prehend,apprehend
1,prehend,arrest
0,preknow,discern
1,preknow,envisage
0,prelim,battle
1,prelim,mill
0,prelusive,inaugural
1,prelusive,preparatory
0,premeditation,aim
1,premeditation,design
0,preponderate,boss
1,preponderate,command
0,presume,assume
1,presume,count on
0,prevision,apprehension
1,prevision,awareness
0,primordia,commencement
1,primordia,birth
0,prodigalize,blow
1,prodigalize,expend
0,produce,crop
1,produce,goods
0,profuse,abounding
1,profuse,alive with
0,progeny,breed
1,progeny,children
0,prolapse,plunge
1,prolapse,slide
0,prologue,foreword
1,prologue,prelude
0,promptitude,cleverness
1,promptitude,dexterity
0,proofer,airtight
1,proofer,fast
0,propagandize,brainwash
1,propagandize,convince
0,prophylaxis,prevention
1,prophylaxis,sanitation
0,propulsive,active
1,propulsive,compelling
0,prose,composition
1,prose,essay
0,proselytism,culture
1,proselytism,discipline
0,prosopopoeia,apotheosis
1,prosopopoeia,archetype
0,proverb,adage
1,proverb,aphorism
0,proximate,direct
1,proximate,forthcoming
0,publicize,advertise
1,publicize,announce
0,pulchritude,adorableness
1,pulchritude,allure
0,purgative,aperient
1,purgative,emetic
0,purl,babble
1,purl,bubble
0,question,inquiry
1,question,investigation
0,quintain,center
1,quintain,dead center
0,quoin,angle
1,quoin,cornerstone
0,quondam,bygone
1,quondam,erstwhile
0,radiant,beaming
1,radiant,brilliant
0,raffle,betting
1,raffle,game of chance
0,ramify,bifurcate
1,ramify,develop
0,rampage,binge
1,rampage,destruction
0,raspberry,catcall
1,raspberry,hiss
0,rationalist,naturalist
1,rationalist,
0,rave,babble
1,rave,freak out
0,ravel,disentangle
1,ravel,free
0,ravisher,Lothario
1,ravisher,cad
0,reactive,active
1,reactive,aware
0,realest,absolute
1,realest,actual
0,receipts,earnings
1,receipts,gain
0,receptionist,agent
1,receptionist,auditor
0,recommend,advocate
1,recommend,back
0,recorder,historian
1,recorder,annalist
0,recreant,apostate
1,recreant,base
0,rectitude,decency
1,rectitude,honesty
0,recurve,bend
1,recurve,loop
0,redistribute,readjust
1,redistribute,reconstruct
0,redundant,superfluous
1,redundant,unnecessary
0,reeve,administrator
1,reeve,attendant
0,reflect,echo
1,reflect,follow
0,reflective,contemplative
1,reflective,deliberate
0,regenerative,artistic
1,regenerative,developmental
0,regressive,Tory
1,regressive,counterrevolutionary
0,reintroduce,reestablish
1,reintroduce,renew
0,relevant,admissible
1,relevant,applicable
0,remiss,any old way
1,remiss,any which way
0,remonstrate,animadvert
1,remonstrate,blame
0,remote,distant
1,remote,far-flung
0,remunerate,accord
1,remunerate,award
0,renewal,rebirth
1,renewal,regeneration
0,reprieve,abatement
1,reprieve,absolution
0,reptant,climbing
1,reptant,spreading
0,repugnant,abhorrent
1,repugnant,abominable
0,repulsive,abhorrent
1,repulsive,creepy
0,request,appeal
1,request,application
0,requisite,precondition
1,requisite,condition
0,reredos,shrine
1,reredos,chantry
0,resay,echo
1,resay,renew
0,resister,adversary
1,resister,antagonist
0,resolve,boldness
1,resolve,courage
0,resonant,mellow
1,resonant,profound
0,restrain,confine
1,restrain,constrain
0,resultant,aftereffect
1,resultant,aftermath
0,resumption,continuation
1,resumption,reopening
0,retain,absorb
1,retain,cling to
0,retentive,absorptive
1,retentive,dry
0,rethink,amend
1,rethink,reassess
0,retributive,punitive
1,retributive,chastening
0,retrieve,bring back
1,retrieve,fetch
0,retrogressive,astern
1,retrogressive,behind
0,retrospective,reflective
1,retrospective,contemplative
0,reverend,clergy
1,reverend,clergyman
0,revolve,rotate
1,revolve,whirl
0,ride,drive
1,ride,excursion
0,rink,field
1,rink,gym
0,ritornelle,melody
1,ritornelle,music
0,roadstead,dock
1,roadstead,harbor
0,rockweed,algae
1,rockweed,gulfweed
0,romp,lark
1,romp,rout
0,roofer,aerial
1,roofer,aloft
0,rottenness,contagion
1,rottenness,corruption
0,rowboat,life raft
1,rowboat,lifeboat
0,rowdydowdy,agitated
1,rowdydowdy,boisterous
0,ruddy,blooming
1,ruddy,blowsy
0,rude,abusive
1,rude,blunt
0,ruefulness,contrition
1,ruefulness,penance
0,ruminate,brainstorm
1,ruminate,brood
0,ruse,feint
1,ruse,game plan
0,sake,well-being
1,sake,account
0,salter,barbed
1,salter,biting
0,saltpeter,vinegar
1,saltpeter,alcohol
0,sardonicism,humor
1,sardonicism,paradox
0,save,deliver
1,save,free
0,say,add
1,say,announce
0,scab,layer
1,scab,skin
0,scallop,incision
1,scallop,indentation
0,scapegoat,fall guy
1,scapegoat,chump
0,scarecrow,alarm
1,scarecrow,bogey
0,scram,decamp
1,scram,depart
0,seaweed,algae
1,seaweed,gulfweed
0,sect,church
1,sect,creed
0,see,detect
1,see,examine
0,seem,imply
1,seem,look
0,seller,agent
1,seller,auctioneer
0,sensoria,nerve system
1,sensoria,nerves
0,septicemia,pyemia
1,septicemia,sepsis
0,serve,deliver
1,serve,distribute
0,sheave,block
1,sheave,ring
0,shipmate,bluejacket
1,shipmate,boater
0,shrink,decrease
1,shrink,diminish
0,shudder,gyrate
1,shudder,shiver
0,shun,despise
1,shun,disdain
0,sideway,obliquely
1,sideway,sidelong
0,sieve,colander
1,sieve,basket
0,signalize,flag
1,signalize,gesticulate
0,signifier,explanation
1,signifier,expression
0,siphon,drain
1,siphon,funnel
0,skeet,bird
1,skeet,clay disk
0,skein,knot
1,skein,coil
0,sketch,account
1,sketch,blueprint
0,skiff,canoe
1,skiff,dinghy
0,skim,glance
1,skim,graze
0,skimp,scrimp
1,skimp,pinch
0,skywrite,advertise
1,skywrite,announce
0,slain,killed
1,slain,murdered
0,slake,appease
1,slake,assuage
0,slave,bond servant
1,slave,bondslave
0,sleep,coma
1,sleep,dream
0,slenderize,diet
1,slenderize,reduce
0,slithery,glossy
1,slithery,greasy
0,slumber,coma
1,slumber,dormancy
0,snafu,blunder
1,snafu,foul-up
0,sniffer,beak
1,sniffer,snout
0,snow,blizzard
1,snow,snowfall
0,solecism,abuse
1,solecism,barbarism
0,solicitude,disquiet
1,solicitude,uneasiness
0,somersault,bounce
1,somersault,bound
0,somnambulism,noctambulation
1,somnambulism,noctambulism
0,soothsay,foreshadow
1,soothsay,foretell
0,sopor,coma
1,sopor,slumber
0,speculate,contemplate
1,speculate,figure out
0,spend,allocate
1,spend,concentrate
0,sportsman,chaser
1,sportsman,deerstalker
0,sprang,bolt
1,sprang,bounce
0,stalky,hairy
1,stalky,coarse
0,stand,attitude
1,stand,belief
0,stash,cache
1,stash,hoard
0,station,depot
1,station,house
0,stave,anticipate
1,stave,avert
0,stickfast,confront
1,stickfast,disregard
0,stimuli,catalyst
1,stimuli,encouragement
0,stink,stench
1,stink,fetor
0,strategist,planner
1,strategist,contriver
0,strawberry,albino
1,strawberry,auricomous
0,suave,affable
1,suave,courteous
0,sub,alternate
1,sub,auxiliary
0,suffer,deteriorate
1,suffer,endure
0,superstratum,coating
1,superstratum,facade
0,surfeit,glut
1,surfeit,plethora
0,survive,bear
1,survive,endure
0,suspect,open
1,suspect,pseudo
0,suzerain,captain
1,suzerain,commander
0,sweepstake,gambling
1,sweepstake,raffle
0,syllogize,figure out
1,syllogize,infer
0,symbolism,metaphor
1,symbolism,analogy
0,symphonize,complement
1,symphonize,fit
0,synchronism,accompaniment
1,synchronism,accord
0,synthesis,amalgam
1,synthesis,fusion
0,teemer,abound
1,teemer,annoy
0,teensy,Lilliputian
1,teensy,bitsy
0,ten,decimal
1,ten,decagonal
0,tend,bear
1,tend,contribute
0,tendon,hamstring
1,tendon,ligament
0,tentation,R and D
1,tentation,analysis
0,theism,church
1,theism,conviction
0,think,assume
1,think,consider
0,tie,connection
1,tie,link
0,tightwad,Scrooge
1,tightwad,cheapskate
0,transcend,eclipse
1,transcend,outstrip
0,transpose,alter
1,transpose,backtrack
0,treed,at bay
1,treed,
0,trousseau,Sunday best
1,trousseau,accouterment
0,tun,cask
1,tun,cylinder
0,turpitude,baseness
1,turpitude,corruption
0,twain,one and the other
1,twain,the couple
0,tympana,tympanic membrane
1,tympana,
0,undersell,deduct
1,undersell,diminish
0,unweave,disentangle
1,unweave,free
0,venation,hair
1,venation,lode
0,venturesome,adventurous
1,venturesome,aggressive
0,verbose,bombastic
1,verbose,circumlocutory
0,verisimilitude,plausibility
1,verisimilitude,realism
0,victorine,Vandyke
1,victorine,capote
0,viscose,adhesive
1,viscose,stiff
0,volant,aerial
1,volant,floating
0,vorticose,whirling
1,vorticose,circumgyratory
0,wafer,biscuit
1,wafer,cake
0,waffle,flip-flop
1,waffle,vacillate
0,wain,car
1,wain,caravan
0,waistband,ribbon
1,waistband,ring
0,wake,deathwatch
1,wake,rites
0,wangle,wriggle
1,wangle,contrive
0,warp,corrupt
1,warp,pervert
0,waterway,inlet
1,waterway,arm
0,wave,crest
1,wave,flood
0,waybill,B/L
1,waybill,docket
0,weave,braid
1,weave,careen
0,wend,meander
1,wend,saunter
0,whereat,so
1,whereat,thereupon
0,whew,dear me
1,whew,gee whiz
0,whiffer,beak
1,whiffer,snout
0,whodunit,conundrum
1,whodunit,enigma
0,whoosh,buzz
1,whoosh,effervesce
0,wiggle,jerk
1,wiggle,jiggle
0,wigwam,dwelling
1,wigwam,home
0,win,accomplishment
1,win,achievement
0,winnow,analyze
1,winnow,discriminate
0,winsome,appealing
1,winsome,captivating
0,wisp,tuft
1,wisp,bit
0,witchcraft,black magic
1,witchcraft,occult
0,wonderland,Promised Land
1,wonderland,immortality
0,workgirl,working woman
1,workgirl,workwoman
0,worry,anguish
1,worry,apprehension
0,wrangle,altercation
1,wrangle,bickering
0,yeast,fungus
1,yeast,ferment
0,yegg,cat man
1,yegg,cracksman
0,yesteryear,eld
1,yesteryear,past
