,Unnamed: 0,"11. The weather is clear at high pressure, but cloudy at low pressure. Why isn't it clear and cloudy at low pressure? Let's explain in detail using knowledge about the relationship between air pressure and weather. ",Unnamed: 0,q11_airflow vehicle,q11_condensation,q11_insulated expansion,q11_air pressure difference,q11_airflow difference.1,q11_condensation.1,q11_insulated expansion.1,q11_barometric difference.1
0,0,I don't know.,0,,,,,,,,
1,1,Because the atmosphere rises under low pressure,1,,,,,,,,
2,2,"At high pressure, there is a downward airflow to keep the clouds clear",2,,,,,,,,
3,3,"High pressure lowering airflow, low pressure rising airflow",3,,,,,,,,
4,4,The low pressure is caused by rising air currents,4,,,,,,,,
5,5,"This is because water vapor on the surface evaporates into the sky through rising air currents, forming clouds at low pressures",5,,,,,,,,
6,6,This is because the wind blows from high pressure to low pressure.,6,,,,,,,,
7,7,"At high pressure, a downward airflow occurs, resulting in clear weather without clouds.",7,,,,,,,,
8,8,"This is because rising air currents occur at low pressures, creating clouds well.",8,,,,,,,,
9,9,"""The atmospheric pressure flows from high to low, creating clouds",9,,,,,,,,
10,10,"""",10,,,,,,,,
11,11,"This is because falling air flow is generated at high pressure and clouds cannot be generated in the air, and rising air flow is generated at low pressure and clouds may be generated in the air.",11,,,,,,,,
12,12,This is because clouds can form under low pressure and cause rain.,12,,,,,,,,
13,13,"In the low pressure, a lot of rising air flows occur, so relatively more clouds gather compared to the surrounding area. Therefore, there is a high probability of rain.",13,,,,,,,,
14,14,This is because rising air currents appear in low pressure.,14,,,,,,,,
15,15,"In low pressure, air clumps in many directions form a lot of clouds.",15,,,,,,,,
16,16,It is because clouds form during low pressure.,16,,,,,,,,
17,17,"At low pressure, the air is light and goes up, making it cloudy.",17,,,,,,,,
18,18,The low pressure is because of the heavy rain,18,,,,,,,,
19,19,It is because there are many clouds due to the low pressure.,19,,,,,,,,
20,20,This is because rising air currents occur at high pressures and low pressures.,20,,,,,,,,
21,21,"At high pressure, the weather is clear due to downward airflow, but at low pressure, the weather is cloudy due to upward airflow.",21,,,,,,,,
22,22,"High pressure is a descending air current, so it is clear because there is no cloud",22,,,,,,,,
23,23,"This is because there are no clouds due to the development of rising air currents at high pressures, and a lot of clouds are generated because of the development of falling air currents at low pressures.",23,,,,,,,,
24,24,"The low pressure is clouded by rising air currents. High pressure is a rainy day if there is a cloud due to the downward airflow, and if there is no cloud, it becomes a clear day.",24,,,,,,,,
25,25,"At low pressure, it is cloudy because rising air currents form and water vapor rises and condenses to form clouds.",25,,,,,,,,
26,26,"If the air pressure is high, a downward airflow is generated, so clouds cannot be generated, and if the air pressure is low, an upward airflow is generated and clouds are generated.",26,,,,,,,,
27,27,"Because air travels from high pressure to low pressure, there are many wires such as cold front and warm front in low pressure",27,,,,,,,,
28,28,"The weather is heavily influenced by atmospheric pressure. The base moves from high pressure to low pressure. Therefore, the relatively high-pressure area is clearer than the relatively low-pressure area.",28,,,,,,,,
29,29,Clear due to rising airflow,29,,,,,,,,
30,30,"At low pressure, as air enters from the surroundings, upward airflow occurs in the center, and the rise of air generates clouds, so it is not clear and cloudy.",30,,,,,,,,
31,31,I don't know,31,,,,,,,,
32,32,"Since the air is clear,",32,,,,,,,,
33,33,I don't know,33,,,,,,,,
34,34,I don't know,34,,,,,,,,
35,35,I don't know,35,,,,,,,,
36,36,I don't know,36,,,,,,,,
37,37,I don't know,37,,,,,,,,
38,38,I don't know,38,,,,,,,,
39,39,I don't know!,39,,,,,,,,
40,40,I don't know,40,,,,,,,,
41,41,I don't know.,41,,,,,,,,
42,42,I don't know.,42,,,,,,,,
43,43,I don't know.,43,,,,,,,,
44,44,I don't know.,44,,,,,,,,
45,45,I don't know,45,,,,,,,,
46,46,The reason is that it blocks everything with clouds,46,,,,,,,,
47,47,I don't know,47,,,,,,,,
48,48,I don't know,48,,,,,,,,
49,49,I don't know,49,,,,,,,,
50,50,I don't know,50,,,,,,,,
51,51,In front of the meat when it's low pressure,51,,,,,,,,
52,52,the condition of rain falling rain,52,,,,,,,,
53,53,It's probably because the air pressure is low,53,,,,,,,,
54,54,"This is because the lower the air pressure, the more cloudy the weather is.",54,,,,,,,,
55,55,"This is because the lower the air pressure, the more cloudy the weather is.",55,,,,,,,,
56,56,In front of the meat when it's low pressure,56,,,,,,,,
57,57,"The low pressure causes clouds to rise in the surrounding air. Well, that's what it is, but what is a cloud? It's something that's out of reach, out of touch, out of substance. It's like our dreams, our happiness, those clouds. It only happens when we go up high in the sky.",57,,,,,,,,
58,58,The reason why it's clear and cloudy under low pressure is because of the steam. Because it's full,58,,,,,,,,
59,59,"The weather is cloudy when the air pressure is low, and the weather is good when it is high",59,,,,,,,,
60,60,Because the air pressure is low,60,,,,,,,,
61,61,Because the pressure rises above the sky,61,,,,,,,,
62,62,This is because water vapor gathers due to low air pressure.,62,,,,,,,,
63,63,"If the air pressure is high, the amount of air is high and clear, but if the air pressure is low, the amount of air is low and cloudy.",63,,,,,,,,
64,64,"The air pressure is low, so water vapor gathers",64,,,,,,,,
65,65,at a low air pressure,65,,,,,,,,
66,66,Because it's before it rains,66,,,,,,,,
67,67,I don't know,67,,,,,,,,
68,68,be a stranger to,68,,,,,,,,
69,69,It's low pressure,69,,,,,,,,
70,70,This is because air pressure controls the weather.,70,,,,,,,,
71,71,This is because low pressure cannot eliminate bad weather.,71,,,,,,,,
72,72,Because the air pressure is low,72,,,,,,,,
73,73,The weather is clear when the air pressure rises,73,,,,,,,,
74,74,I don't know...,74,,,,,,,,
75,75,The air pressure is low at low pressure,75,,,,,,,,
76,76,"""High pressure: There are not many clouds.",76,,,,,,,,
77,77,"Low pressure: There is a lot of fog.""",77,,,,,,,,
78,78,"Lower air currents occur under high pressure and upward air currents occur under low pressure. The pressure in the atmosphere decreases as it goes up and down, so the weather is cloudy under low pressure.",78,,,,,,,,
79,79,"If the air pressure is low, the surrounding air will gather",79,,,,,,,,
80,80,Because there's an atmosphere,80,,,,,,,,
81,81,This is because the weather becomes cloudy when the air pressure is lowered.,81,,,,,,,,
82,82,"At high pressure, the air rises and clouds rise sideways",82,,,,,,,,
83,83,I don't remember,83,,,,,,,,
84,84,Because of the fog,84,,,,,,,,
85,85,I don't understand.,85,,,,,,,,
86,86,I don't understand.,86,,,,,,,,
87,87,I don't know,87,,,,,,,,
88,88,"At high pressure, there are not many clouds because the concentration of air is high, but at low pressure, there are many clouds because the concentration is low.",88,,,,,,,,
89,89,I don't know.,89,,,,,,,,
90,90,The air pressure goes up,90,,,,,,,,
91,91,"If the air pressure is low, the air at the bottom rises and the weather becomes cloudy.",91,,,,,,,,
92,92,I don't know.,92,,,,,,,,
93,93,I don't know.,93,,,,,,,,
94,94,This is because there are more clouds as the air pressure decreases.,94,,,,,,,,
95,95,The air pressure is low.I don't know;;;,95,,,,,,,,
96,96,Because the temperatures are different between high and low pressure,96,,,,,,,,
97,97,The weather is cloudy because there are many clouds at low pressure.,97,,,,,,,,
98,98,"I don't know.""The reason why the weather is clear at high pressure is because the clouds go out at low pressure",98,,,,,,,,
99,99,"""Because clouds come into the low pressure.""",99,,,,,,,,
100,100,"When it is low pressure, clouds come down and it is cloudy, and high pressure seems to be dry because of the high air pressure.",100,,,,,,,,
101,101,"At high pressures, the weather is more sunny because clouds are less than low pressures.",101,,,,,,,,
102,102,"As the pressure of the air gets better, the water vapor expands, and as it expands, the volume increases, so the weather is cloudy at low pressure than at high pressure",102,,,,,,,,
103,103,"Low pressure is literally when air pressure, air pressure is low. When the pressure of the air is low, the water vapor expands as it goes up into the sky, which naturally leads to more clouds.",103,,,,,,,,
104,104,I don't know.,104,,,,,,,,
105,105,??105.0,"107,0,0,0, because the air rises at the center of the low pressure and the temperature decreases, water vapor condenses to form clouds",,,,,,,,
106,106,The clouds came down during the low pressure.,106,,,,,,,,
107,107,I don't know,107,,,,,,,,
108,108,High pressure and low pressure are different,108,,,,,,,,
109,109,I don't know.,109,,,,,,,,
110,110,Clouds or fogs come down from above,110,,,,,,,,
111,111,Because the air pressure is low,111,,,,,,,,
112,112,h,112,,,,,,,,
113,113,High pressure has a lot of air pressure and low pressure has a lot of air pressure,113,,,,,,,,
114,114,I'm in a low pressure,114,,,,,,,,
115,115,I don't know,115,,,,,,,,
116,116,I don't know~,116,,,,,,,,
117,117,I don't know,117,,,,,,,,
118,118,Because the air pressure is low,118,,,,,,,,
119,119,The high pressure is clear and the weather is cloudy over there,119,,,,,,,,
120,120,very well,120,,,,,,,,
121,121,I don't know,121,,,,,,,,
122,122,Because the air comes with the clouds,122,,,,,,,,
123,123,"The low pressure is, uh, cheap",123,,,,,,,,
124,124,I don't know.,124,,,,,,,,
125,125,High pressure has a lot of air pressure and low pressure doesn't have a lot of air pressure,125,,,,,,,,
126,126,"If the air pressure is high, it's heavy, and the air comes down and collides with the earth's crust and spreads",126,,,,,,,,
127,127,"The meat is good, but it's not good there",127,,,,,,,,
128,128,at a high pressure,128,,,,,,,,
129,129,??129.0,"131,0,0,0,0... Water vapor condenses at low pressure to form clouds",,,,,,,,
130,130,Weather news,130,,,,,,,,
131,131,because the air pressure is different,131,,,,,,,,
132,132,I don't know.,132,,,,,,,,
133,133,It's far away,133,,,,,,,,
134,134,(Laughing),134,,,,,,,,
135,135,"The air pressure is high and low, so you can see whether it rains or not",135,,,,,,,,
136,136,I don't know.,136,,,,,,,,
137,137,It's because it's high and low pressure,137,,,,,,,,
138,138,There's not a lot of air,138,,,,,,,,
139,139,I don't know.,139,,,,,,,,
140,140,I don't know.,140,,,,,,,,
141,141,This is because the air pressure is low.,141,,,,,,,,
142,142,The weather is cloudy at low pressure because of the low atmospheric pressure.,142,,,,,,,,
143,143,Because the air is not good,143,,,,,,,,
144,144,Because there's a lot of steam,144,,,,,,,,
145,145,I don't know,145,,,,,,,,
146,146,I don't know.,146,,,,,,,,
147,147,Enemy,147,,,,,,,,
148,148,"There is a lot of air at high pressures, and there is less air at low pressure.",148,,,,,,,,
149,149,Clouds increase as the air goes up.,149,,,,,,,,
150,150,.,150,,,,,,,,
151,151,"At the center of the low pressure, air containing water vapor rises upward, and as the temperature of the air decreases, the water vapor condenses to form clouds. Therefore, the weather can be cloudy, rain or snow.",151,,,,,,,,
152,152,I don't know.,152,,,,,,,,
153,153,The weather is cloudy because of the low pressure,153,,,,,,,,
154,154,I don't know.,154,,,,,,,,
155,155,"At the center of the low pressure, air containing water vapor rises upward, and as the temperature of the air decreases, the water vapor condenses to form clouds. Therefore, the weather can be cloudy, rain or snow",155,,,,,,,,
156,156,"At the center of the low pressure, air containing water vapor rises upward, and as the temperature of the air decreases, the water vapor condenses to form clouds. Therefore, the weather can be cloudy, rain or snow.",156,,,,,,,,
157,157,I don't know.,157,,,,,,,,
158,158,"At low pressure, the air rises and clouds form",158,,,,,,,,
159,159,"At the center of the low pressure, air containing water vapor rises upward, and as the temperature of the air decreases, the water vapor condenses to form clouds. Therefore, the weather can be cloudy, rain or snow.",159,,,,,,,,
160,160,Umm,160,,,,,,,,
161,161,It depends on the air pressure,161,,,,,,,,
162,162,This is because the air pressure itself is low.,162,,,,,,,,
163,163,c??163.0,"166,0,0,0,0,,,,",,,,,,,,
164,164,It's blurry,164,,,,,,,,
165,165,"At the center of the low pressure, air containing water vapor rises upward, and as the temperature of the air decreases, the water vapor condenses and clouds. Therefore, the weather can be cloudy, rain or snow",165,,,,,,,,
166,166,This is because the low pressure rises and creates clouds,166,,,,,,,,
167,167,This is because clouds are formed as the low pressure rises,167,,,,,,,,
168,168,"The weather may be cloudy, rain or snow.",168,,,,,,,,
169,169,.,169,,,,,,,,
170,170,"When the air pressure is low, there is nothing pressing the air, so water floats",170,,,,,,,,
171,171,I don't understand.,171,,,,,,,,
172,172,"At the center of the low pressure, air containing water vapor rises upward, and as the temperature of the air decreases, the water vapor condenses to form clouds. Therefore, the weather can be cloudy, rain or snow.",172,,,,,,,,
173,173,"In the high pressure, the atmosphere sinks down and the low pressure rises upward, creating a lot of clouds, so the high pressure is sunny and the low pressure is cloudy.",173,,,,,,,,
174,174,"At the center of the low pressure, air containing water vapor rises upward, and as the temperature of the air decreases, the water vapor condenses to form clouds.",174,,,,,,,,
175,175,"Because the wind goes from high pressure to low pressure, low pressure causes clouds by evaporating water.",175,,,,,,,,
176,176,"At the center of the low pressure, air containing water vapor rises upward, and as the temperature of the air decreases, the water vapor condenses to form clouds.",176,,,,,,,,
177,177,"The weather is cloudy, rain or snow.",177,,,,,,,,
178,178,"At the center of the low pressure, air containing water vapor rises upward, and as the temperature of the air decreases, the water vapor condenses to form clouds. More clouds cloud over.",178,,,,,,,,
179,179,This is because air at high pressure moves from high pressure to low pressure because air at low pressure descends and air at low pressure rises.,179,,,,,,,,
180,180,This is because air moves from high pressure to low pressure.,180,,,,,,,,
181,181,Because the clouds gather in front of the meat,181,,,,,,,,
182,182,The steam condenses and it rains and snows,182,,,,,,,,
183,183,I don't know,183,,,,,,,,
184,184,because of the low air pressure,184,,,,,,,,
185,185,There are a lot of clouds,185,,,,,,,,
186,186,I don't know.,186,,,,,,,,
187,187,I don't know.,187,,,,,,,,
188,188,It's cold because the temperature is low,188,,,,,,,,
189,189,The weather is cloudy because there are many clouds when the air pressure is lowered,189,,,,,,,,
190,190,I don't know.,190,,,,,,,,
191,191,I don't know,191,,,,,,,,
192,192,"During the low pressure, there was no cloud",192,,,,,,,,
193,193,The low pressure is down,193,,,,,,,,
194,194,"High pressure is clear due to high temperatures, but low pressure is cloudy due to low temperatures.",194,,,,,,,,
195,195,It's because it's humid if the air pressure is low,195,,,,,,,,
196,196,"Because when it's low pressure, it's humid",196,,,,,,,,
197,197,I don't know.It's low pressure,197,,,,,,,,
198,198,Because the atmospheric pressure is lowered.,198,,,,,,,,
199,199,I don't know!,199,,,,,,,,
200,200,"It evaporates less during high pressure, but it evaporates a lot during low pressure",200,,,,,,,,
201,201,Clouds come down,201,,,,,,,,
202,202,.,202,,,,,,,,
203,203,I don't know.,203,,,,,,,,
204,204,"Low pressure is low, so there is a high probability of rain",204,,,,,,,,
205,205,I don't know,205,,,,,,,,
206,206,I don't know.,206,,,,,,,,
207,207,Moisture goes down from high pressure to low pressure,207,,,,,,,,
208,208,"At high pressure, the air pressure is lowered by moisture in the air",208,,,,,,,,
209,209,I don't know,209,,,,,,,,
210,210,I have no idea.,210,,,,,,,,
211,211,Air pressure is the pressure of air and the weather doesn't know when it will change,211,,,,,,,,
212,212,"At low pressure, the air is low, so the clouds look cloudy, and at high pressure, the air is high, so the clouds seem to be high and invisible.",212,,,,,,,,
213,213,"High pressure is clear because the air above goes down and the clouds are pushed out by the wind, but low pressure causes the air below to go up and the clouds to flock.",213,,,,,,,,
214,214,"The low pressure seems to be clear because the air is low, so it rains, and the air is high at high pressure.",214,,,,,,,,
215,215,I'm not sure.,215,,,,,,,,
216,216,Because the air pressure is low,216,,,,,,,,
217,217,"If it's high pressure, it's on the clouds, so things like fine dust can't penetrate the clouds, so the high pressure is clear and the low pressure is cloudy",217,,,,,,,,
218,218,""" The barometer is low (weak in the air.), the air is a cloudy and rain clouds go up.",218,,,,,,,,
219,219,,219,,,,,,,,
220,220,"The barometer is high air pressure if it is relatively clean and make it down. In other words, higher air pressure is low, the rainy and sunny. The typhoon is a fire in a very low atmospheric pressure bad weather is what happens. """,220,,,,,,,,
221,221,I don't know.,221,,,,,,,,
222,222,Lack of time.,222,,,,,,,,
223,223,The barometer is lower than around.,223,,,,,,,,
224,224,I don't know.,224,,,,,,,,
225,225,?,225,,,,,,,,
226,226,Literally means low pressure weather is low.,226,,,,,,,,
227,227,From weather,227,,,,,,,,
228,228,From weather,228,,,,,,,,
229,229,I don't know.,229,,,,,,,,
230,230,..,230,,,,,,,,
231,231,Cold,231,,,,,,,,
232,232,Black smoke rose through.,232,,,,,,,,
233,233,"Twat our m???†„Öè??keotong, but we absolutely have to neokuankeo, but we absolutely have to neopum nr ?ón his wife by I mueot ?ìr??hanchwaneo ?ó„Öä nacheo ??nungneoneot ??chaneoongachwaneolchwa to Beijing underworld ---------- ________________________ ------------",233,,,,,,,,
234,234,"The weather is different from region to region, as well.",234,,,,,,,,
235,235,Don't know,235,,,,,,,,
236,236,I don't know.,236,,,,,,,,
237,237,I'm not sure.,237,,,,,,,,
238,238,Press down lots of clouds in the cyclone,238,,,,,,,,
239,239,It's down there,239,,,,,,,,
240,240,I don't know,240,,,,,,,,
241,241,It's foggy under low pressure,241,,,,,,,,
242,242,There's a lot of fine dust,242,,,,,,,,
243,243,I have no idea.,243,,,,,,,,
244,244,I doubt it.,244,,,,,,,,
245,245,Clouds can't come together under high pressure,245,,,,,,,,
246,246,I have no idea.,246,,,,,,,,
247,247,Clouds can't gather if the air pressure is high,247,,,,,,,,
248,248,?,248,,,,,,,,
249,249,........!,249,,,,,,,,
250,250,"If it's low pressure, it's gloomy.",250,,,,,,,,
251,251,Dark clouds form well under low pressure,251,,,,,,,,
252,252,People don't have a clear face under low pressure,252,,,,,,,,
253,253,"I think the word ""low pressure"" makes you look depressed and drained",253,,,,,,,,
254,254,Let's not involve humans in barometric pressure,254,,,,,,,,
255,255,I don't know. It would be great if it was sunny every day.,255,,,,,,,,
256,256,High pressure meat...Delicious meat,256,,,,,,,,
257,257,"When the air pressure is low, the surrounding air gathers to fill the air pressure, so it is cloudy and windy.",257,,,,,,,,
258,258,I don't know why it's cloudy,258,,,,,,,,
259,259,The low pressure is near the sea,259,,,,,,,,
260,260,I don't know,260,,,,,,,,
261,261,I don't know,261,,,,,,,,
262,262,Clouds gather under low pressure,262,,,,,,,,
263,263,I don't know.,263,,,,,,,,
264,264,This is because the low pressure contains a lot of water vapor.,264,,,,,,,,
265,265,This is because low air pressure is unstable.,265,,,,,,,,
266,266,be due to low air pressure,266,,,,,,,,
267,267,Because high pressure is high pressure and low pressure is low pressure,267,,,,,,,,
268,268,This is because high pressure is a downward airflow and low pressure is an upward airflow.,268,,,,,,,,
269,269,I don't know,269,,,,,,,,
270,270,I don't know,270,,,,,,,,
271,271,I don't know.,271,,,,,,,,
272,272,I don't know.,272,,,,,,,,
273,273,Mogg??273.0,"278,1,1,0,0,,,,",,,,,,,,
274,274,I don't know.,274,,,,,,,,
275,275,Clouds are made well because the wind blows from high pressure to low pressure.,275,,,,,,,,
276,276,The low pressure causes the air to rise,276,,,,,,,,
277,277,The wind blew from high pressure to low pressure,277,,,,,,,,
278,278,I don't know,278,,,,,,,,
279,279,Why?,279,,,,,,,,
280,280,It creates a cloud,280,,,,,,,,
281,281,"At low pressure, air rises and condenses at high altitudes.",281,,,,,,,,
282,282,This is because rising air flow occurs and water vapor inside the air condenses.,282,,,,,,,,
283,283,The low pressure is cloudy with the condensation of water vapor due to the rising air current.,283,,,,,,,,
284,284,"The weather is cloudy because rising air currents occur at low pressure, which makes the copper better formed.",284,,,,,,,,
285,285,"This is because low air pressure increases air density and increases pressure, reducing saturated water vapor.",285,,,,,,,,
286,286,"Because rising air currents occur at low pressures, clouds are generated and cloudy weather is created.",286,,,,,,,,
287,287,"The low pressure is an upward airflow, so a lot of cloud generation occurs through insulation expansion.",287,,,,,,,,
288,288,"When the air pressure is low, the air in the area rises and condenses, so clouds are formed and cloudy.",288,,,,,,,,
289,289,Clouds are created by rising air currents.,289,,,,,,,,
290,290,The air rises upward and condenses the water vapor into a cloud.,290,,,,,,,,
291,291,The air is easy to rise and clouds are formed easily.,291,,,,,,,,
292,292,"The low pressure creates a rising air current, so clouds are created by adiabatic expansion.",292,,,,,,,,
293,293,"Air rises from the center, creating clouds",293,,,,,,,,
294,294,The rising air current condenses the water vapor.,294,,,,,,,,
295,295,"At low pressure, the air is easy to rise and clouds are easy to form.",295,,,,,,,,
296,296,SulphurIt's low pressure,296,,,,,,,,
297,297,I don't know,297,,,,,,,,
298,298,It's cloudy,298,,,,,,,,
299,299,"If it's under pressure, there will be clouds",299,,,,,,,,
300,300,This is because air gathers from the surrounding atmosphere when the air pressure is low.,300,,,,,,,,
301,301,I don't know.,301,,,,,,,,
302,302,"As the air goes up, the water vapor goes up, creating clouds, and therefore cloudy weather",302,,,,,,,,
303,303,This is because the pressure of the gas is high at high pressure and the pressure is low at low pressure.,303,,,,,,,,
304,304,"At high pressure, the gas pressure is high, and at low pressure, the air pressure is low",304,,,,,,,,
305,305,"At high pressure, the air pressure presses the clouds, so the weather is clear, and at low pressure, the air pressure decreases and the clouds become larger.",305,,,,,,,,
306,306,"The weather is clear because the sun is shining in the meat lab, but the low pressure is low, so the weather is cloudy",306,,,,,,,,
307,307,"The weather is clear because the high pressure is sunny, but the low pressure is cloudy because the temperature is low.",307,,,,,,,,
308,308,"The high pressure is sunny, so the weather is clear, but the low pressure is low, so the weather is cloudy",308,,,,,,,,
309,309,"The air under pressure gradually expands and the temperature also decreases. At a certain level, clouds are formed by reaching saturation. Clouds also increase the chance of rain.",309,,,,,,,,
310,310,"This is because as soon as the high pressure passes, the low pressure develops and the weather becomes clear or cloudy periodically",310,,,,,,,,
311,311,"""At low pressures, water vapor condenses into clouds, so it rains or becomes cloudy",311,,,,,,,,
312,312,"The weather is clear because it is an environment where water vapor condenses and becomes difficult to form clouds at high pressure.""",312,,,,,,,,
313,313,"At low pressure, the air rises, increasing volume and increasing humidity, making it cloudy.",313,,,,,,,,
314,314,"When the temperature of the air decreases during low pressure, water vapor condenses to form clouds, causing the weather to become cloudy, rain or snow, and the air above it descends from the center of the high pressure.",314,,,,,,,,
315,315,"If the air pressure is low, the cloud is pushed down close to the ground. The fog created by it makes the weather cloudy!",315,,,,,,,,
316,316,"High pressure is sunny, so the weather is clear, but low pressure is cloudy because the temperature is low.",316,,,,,,,,
317,317,Don't know,317,,,,,,,,
318,318,"Low pressure makes clouds cloudy. In the high pressure zone, there is a downward air current, so the weather is clear.",318,,,,,,,,
319,319,"The weather is clear because the high pressure is sunny, but the low pressure is cloudy because the temperature is low.",319,,,,,,,,
320,320,Low pressure causes clouds to flow. The weather is clear because there is a downward air current in the high atmosphere,320,,,,,,,,
321,321,"High pressure goes to places where air pressure is higher than the surrounding area, and the air becomes dry, so it generally shows clear weather.",321,,,,,,,,
322,322,,322,,,,,,,,
323,323,,323,,,,,,,,
324,324,Think of low pressure as the opposite of high pressure.,324,,,,,,,,
325,325,"""",325,,,,,,,,
326,326,"The low pressure is cloudy with more clouds, and the high pressure has a downward airflow, so the weather is clear.",326,,,,,,,,
327,327,"""",327,,,,,,,,
328,328,"""Low atmospheric pressure is due to the active upward movement of air due to rising air currents, which creates favorable conditions for cloud formation, creating cloudy and rainy weather",328,,,,,,,,
329,329,"""",329,,,,,,,,
330,330,"At high pressures, they try to disperse water vapor, so there's not much cloud, but at low pressures, it's the opposite",330,,,,,,,,
331,331,This is because air is sent up and condensed from the center of the low pressure.,331,,,,,,,,
332,332,"When the temperature of air decreases at low pressure, water vapor condenses to form clouds, making the weather cloudy, rain or snow, and when high pressure, clear weather appears as the air above comes down from the center of high pressure.",332,,,,,,,,
333,333,"""At high pressures, wind blows clockwise in the Northern Hemisphere, creating a downward airflow",333,,,,,,,,
334,334,"When clouds come down to the ground, they disappear because they heat up",334,,,,,,,,
335,335,"On the other hand, low pressure is because the wind blows counterclockwise in the Northern Hemisphere",335,,,,,,,,
336,336,Clouds increase and become quiet due to rising air currents,336,,,,,,,,
337,337,"""",337,,,,,,,,
338,338,"At high pressure, air cannot rise and scatters, preventing cloud generation, leading to clear weather in areas of high pressure, and low pressure creates good conditions for clouds to generate, creating cloudy and rainy weather.",338,,,,,,,,
339,339,"In the high pressure, the wind blows from the center of the high atmospheric pressure to the low area, and the wind descends from the top to replenish, and the air is insulated and compressed to increase the temperature, which makes the air dry, showing clear weather. At low pressure, the air pressure is lower than the surrounding air pressure, and the wind blows from the high atmosphere to the center of the low air pressure. As the air rises and expands, the temperature decreases and becomes saturated",339,,,,,,,,
340,340,Because there are a lot of clouds in the low pressure,340,,,,,,,,
341,341,"""Air moves from high to low pressure because it moves from high to low pressure, which creates a downward airflow at high pressure, resulting in less clouds and a downward airflow at low pressure, which causes water vapor to rise into the sky",341,,,,,,,,
342,342,"The steam that rises into the sky condenses, becomes clouds, and the weather becomes cloudy.""",342,,,,,,,,
343,343,I don't know.,343,,,,,,,,
344,344,??344.0,"351,0,0,0,0,,,,",,,,,,,,
345,345,I don't know,345,,,,,,,,
346,346,It's low pressure,346,,,,,,,,
347,347,I don't know.,347,,,,,,,,
348,348,I don't understand.,348,,,,,,,,
349,349,I don't understand.,349,,,,,,,,
350,350,I don't know,350,,,,,,,,
351,351,M and D,351,,,,,,,,
352,352,I don't know,352,,,,,,,,
353,353,I don't understand.,353,,,,,,,,
354,354,I don't understand.,354,,,,,,,,
355,355,I don't know,355,,,,,,,,
356,356,I don't know.,356,,,,,,,,
357,357,Gravity,357,,,,,,,,
358,358,I don't know.,358,,,,,,,,
359,359,I don't understand.,359,,,,,,,,
360,360,"At low pressure, there is a lot of water vapor in the air, so it looks cloudy, and at high pressure, it is average, so it is not cloudy.",360,,,,,,,,
361,361,I don't understand.,361,,,,,,,,
362,362,I don't know.,362,,,,,,,,
363,363,I don't know,363,,,,,,,,
364,364,I don't know.,364,,,,,,,,
365,365,Don't know,365,,,,,,,,
366,366,I don't understand.,366,,,,,,,,
367,367,I don't know,367,,,,,,,,
368,368,I don't know,368,,,,,,,,
369,369,I don't know,369,,,,,,,,
370,370,Low air pressure creates a lot of clouds and cloudy weather,370,,,,,,,,
371,371,"The weather is upsetting, I don't know",371,,,,,,,,
372,372,M and D,372,,,,,,,,
373,373,I don't understand.,373,,,,,,,,
374,374,Low pressure is low and high pressure is high,374,,,,,,,,
375,375,"The weather is clear because water evaporation does not occur well at high pressure. On the other hand, low pressure is cloudy because water evaporation easily occurs.",375,,,,,,,,
376,376,"In low-pressure areas, rising air currents occur due to low air pressure, making it easy for clouds to form, making it easy for cloudy weather to appear.",376,,,,,,,,
377,377,Explain with answer number 9!,377,,,,,,,,
378,378,"It's because it's low pressure. You don't feel good when your energy is low, right? It's the same as that",378,,,,,,,,
379,379,"In the low pressure, the weather is cloudy due to a rise in temperature, and in the high pressure, the weather is clear because the temperature decreases and no cloud is generated.",379,,,,,,,,
380,380,"Since the air pressure is low and the wind blows in that direction, it will be cloudy with a lot of clouds.",380,,,,,,,,
381,381,"In the low pressure, clouds are formed due to rising temperatures, and in the high pressure, the weather is sunny because there are no clouds due to falling temperatures.",381,,,,,,,,
382,382,"The low pressure produces an upward airflow, which lowers the pressure and brings the surrounding atmosphere together to fill the empty air. That would create a lot of clouds because it was windy and an upward airflow. That's why it's cloudy. In the case of high pressure, it is the opposite because there is a downward airflow.",382,,,,,,,,
383,383,"Rising air currents occur in low-pressure areas, so clouds form well and rain frequently. After all, the low-pressure area is mainly cloudy with frequent rain.",383,,,,,,,,
384,384,"The low pressure causes the air to rise with rising air currents, forming insulation expansion, creating many clouds. Therefore, the weather is cloudy in the weather is cloudy.",384,,,,,,,,
385,385,"Low pressure causes humid air on the ground to go up because the air is trying to go up. Therefore, it is cloudy because clouds are easily formed.",385,,,,,,,,
386,386,This is because rising air currents develop.,386,,,,,,,,
387,387,"Low pressure refers to a state in which air is not near the surface but rises to the sky. Because of this, clouds are formed and it rains a lot, so it is humid, and the weather is cloudy.",387,,,,,,,,
388,388,This is because clouds form in the center of the low pressure.,388,,,,,,,,
389,389,I like meat,389,,,,,,,,
390,390,There are a lot of rainy days in the low pressure,390,,,,,,,,
391,391,There are a lot of rainy days in low pressure,391,,,,,,,,
392,392,I don't know...,392,,,,,,,,
393,393,I don't know,393,,,,,,,,
394,394,That's the difference between high and low pressure,394,,,,,,,,
395,395,The air is compressed under low pressureI don't know,395,,,,,,,,
396,396,It's 8?Ö„Öï??396.0,"404,0,0,0,0,,,,",,,,,,,,
397,397,I don't know,397,,,,,,,,
398,398,I don't know,398,,,,,,,,
399,399,Low pressure is low,399,,,,,,,,
400,400,I don't know.,400,,,,,,,,
401,401,?π„Ñª?á„ÖÅ?±„Öé?Å„Ñπ,401,,,,,,,,
402,402,"If the air pressure is low, there will be a lot of clouds",402,,,,,,,,
403,403,Country.,403,,,,,,,,
404,404,I don't know,404,,,,,,,,
405,405,High pressure has a lot of air pressure and low pressure has a lot of air pressure,405,,,,,,,,
406,406,The earth is amazing,406,,,,,,,,
407,407,I don't know,407,,,,,,,,
408,408,M and D,408,,,,,,,,
409,409,It is because the air is high at high pressure and the air is low at low pressure,409,,,,,,,,
410,410,Because the air pressure is all different,410,,,,,,,,
411,411,I don't know,411,,,,,,,,
412,412,Because the air pressure is low,412,,,,,,,,
413,413,I don't know.,413,,,,,,,,
414,414,"Heat rises high, so the weather is clear under high pressure and cloudy under low pressure.",414,,,,,,,,
415,415,I don't know,415,,,,,,,,
416,416,"Because there's no air at high pressure,",416,,,,,,,,
417,417,I don't know.,417,,,,,,,,
418,418,"There's not much air at high pressure, and there's a lot of air at low pressure",418,,,,,,,,
419,419,Because of the difference in air pressure.,419,,,,,,,,
420,420,Because the air pressure is low,420,,,,,,,,
421,421,"""The Air""",421,,,,,,,,
422,422,"""",422,,,,,,,,
423,423,Low pressure is bad because there is less air than caution,423,,,,,,,,
424,424,Let's play games now,424,,,,,,,,
425,425,high pressure,425,,,,,,,,
426,426,I don't know.,426,,,,,,,,
427,427,There is no cloud at high pressure and the air is dark at that time,427,,,,,,,,
428,428,High pressure will be good weather because air goes up and low pressure will be bad weather because clouds come down.,428,,,,,,,,
429,429,The low pressure is not good,429,,,,,,,,
430,430,The front of the meat is the gate where the fresh air from above comes in,430,,,,,,,,
431,431,"The low pressure creates clouds for the air below to go up, and the high pressure is good weather for the air above to go down",431,,,,,,,,
432,432,Because a ball of air comes down from the sky to the ground,432,,,,,,,,
433,433,"At low pressure, the air above comes down.",433,,,,,,,,
434,434,The low pressure is cloudy because the air underwater is dry,434,,,,,,,,
435,435,"At the center of the low pressure, air containing water vapor rises upward, and as the temperature of the air decreases, the water vapor condenses to form clouds.",435,,,,,,,,
436,436,The low pressure is cloudy because the air vapor is dry.,436,,,,,,,,
437,437,The steam goes up,437,,,,,,,,
438,438,There's a cloud in the low pressure.,438,,,,,,,,
439,439,"Low pressure has less air than ambient air, so it is cloudy and cloudy",439,,,,,,,,
440,440,Clouds go up in the low pressure,440,,,,,,,,
441,441,I don't know,441,,,,,,,,
442,442,High pressure is because the air above comes down,442,,,,,,,,
443,443,Let's not involve humans in barometric pressure,443,,,,,,,,
444,444,a rising air current,444,,,,,,,,
445,445,.,445,,,,,,,,
446,446,This is because rising air currents occur in low pressure.,446,,,,,,,,
447,447,"Rising air currents form near the low pressure, which is good for forming clouds",447,,,,,,,,
448,448,High> That entropy,448,,,,,,,,
449,449,I don't know.,449,,,,,,,,
450,450,This is because rising air currents occur at high pressures and falling air currents occur at low pressures,450,,,,,,,,
451,451,"High pressure is literally high, resulting in a downward airflow. So the weather is clear under high pressure. Opposite of low pressure",451,,,,,,,,
452,452,The low pressure creates a rising air current that creates clouds,452,,,,,,,,
453,453,I don't know,453,,,,,,,,
454,454,I don't know.,454,,,,,,,,
455,455,I don't know.,455,,,,,,,,
456,456,I don't know,456,,,,,,,,
457,457,I don't know.,457,,,,,,,,
458,458,I don't know.,458,,,,,,,,
459,459,"This is because the lower the air pressure, the less gravity, and the more clouds float.",459,,,,,,,,
460,460,I don't understand.,460,,,,,,,,
461,461,I don't know,461,,,,,,,,
462,462,I don't know.,462,,,,,,,,
463,463,I don't know.,463,,,,,,,,
464,464,I don't know.,464,,,,,,,,
465,465,I don't know.,465,,,,,,,,
466,466,"The higher the pressure, the higher the air mass and the lower the gas pressure",466,,,,,,,,
467,467,I don't understand.,467,,,,,,,,
468,468,"Since the low pressure is low, the water vapor at the bottom rises upward and is cloudy day by day.",468,,,,,,,,
469,469,This is because clouds are large in low pressure.,469,,,,,,,,
470,470,"At low pressure, the air goes down",470,,,,,,,,
471,471,I don't know,471,,,,,,,,
472,472,I don't know.,472,,,,,,,,
473,473,I don't know.,473,,,,,,,,
474,474,I don't know,474,,,,,,,,
475,475,I don't know.,475,,,,,,,,
476,476,.,476,,,,,,,,
477,477,"Since the air goes up,",477,,,,,,,,
478,478,There's a lot of clouds in the low pressure,478,,,,,,,,
479,479,"If it's a low pressure, there's a cloud.",479,,,,,,,,
480,480,There are many clouds in the low pressure,480,,,,,,,,
481,481,I don't know.,481,,,,,,,,
482,482,The air rises to form clouds,482,,,,,,,,
483,483,I don't know.,483,,,,,,,,
484,484,It is because there is no cloud at high pressure and clouds form well at low pressure,484,,,,,,,,
485,485,"Clouds are difficult to form when there is a downward airflow, and clouds are likely to form when there is an upward airflow like a low pressure.",485,,,,,,,,
486,486,I don't know.,486,,,,,,,,
487,487,"The lower the pressure, the higher the air goes",487,,,,,,,,
488,488,This is because clouds form at a relatively low pressure.,488,,,,,,,,
489,489,"Low pressure is low, so air rises to create clouds, but clouds are cloudy and high pressure is the opposite.",489,,,,,,,,
490,490,"At low pressure, the air rises and cools, creating clouds",490,,,,,,,,
491,491,I don't know.,491,,,,,,,,
492,492,I don't know.,492,,,,,,,,
493,493,"At low pressure, the temperature is low and the temperature is cold",493,,,,,,,,
494,494,"I don't know.At low pressure, the air rises because the air cools.",494,,,,,,,,
495,495,"At low pressure, the air rises and cools, making the weather cloudy.",495,,,,,,,,
496,496,M and D,496,,,,,,,,
497,497,None.,497,,,,,,,,
498,498,It's low pressure,498,,,,,,,,
499,499,I don't know.,499,,,,,,,,
500,500,"This is because rising air currents appear at low pressure, so clouds go up.",500,,,,,,,,
501,501,"When I feel bad, I go to the front of the meat",501,,,,,,,,
502,502,I think the sky is like that because people are not in a good mood at low pressure.,502,,,,,,,,
503,503,I wanted to be cloudy,503,,,,,,,,
504,504,This is because the temperature drops.,504,,,,,,,,
505,505,I don't know this,505,,,,,,,,
506,506,I don't know,506,,,,,,,,
507,507,I don't know.,507,,,,,,,,
508,508,The low pressure is sad,508,,,,,,,,
509,509,I don't know.,509,,,,,,,,
510,510,I'm not sure,510,,,,,,,,
511,511,"When air pressure rises, clouds that cloud the day go down to the ground, making the weather clear, but the weather is cloudy because it is the opposite at low pressure",511,,,,,,,,
512,512,It's because the air pressure is high and the air pressure is low.,512,,,,,,,,
513,513,.,513,,,,,,,,
514,514,blow from high pressure to low pressure,514,,,,,,,,
515,515,It is cold under high pressure and hot under low pressure and it rains a lot.,515,,,,,,,,
516,516,I don't know.,516,,,,,,,,
517,517,I don't know.,517,,,,,,,,
518,518,"This is because falling air currents occur at low pressures, causing rain from clouds.",518,,,,,,,,
519,519,"When the air pressure is low, the air rises to form clouds, making it cloudy and rainy. When the air pressure is high, the air goes down and is relatively clear.",519,,,,,,,,
520,520,That is the case under low pressure.,520,,,,,,,,
521,521,This is because air moves from high pressure to low pressure.,521,,,,,,,,
522,522,I don't know,522,,,,,,,,
523,523,Because the air moves from high to low pressure,523,,,,,,,,
524,524,I don't know.,524,,,,,,,,
525,525,High pressure is due to the occurrence of a downward airflow.,525,,,,,,,,
526,526,It moves from high pressure to low pressure,526,,,,,,,,
527,527,"As the temperature decreases and the amount of water vapor decreases, the dew point is reached and clouds are formed to clouded.",527,,,,,,,,
528,528,I don't know,528,,,,,,,,
529,529,Because the air goes from high pressure to low pressure,529,,,,,,,,
530,530,That's because the steam goes up there.,530,,,,,,,,
531,531,The weather is cloudy because the air pressure is low at low pressure,531,,,,,,,,
532,532,"During the high pressure, there is no cloud because of the low pressure, but during the low pressure, there is a cloud because the wind is blowing from the high pressure",532,,,,,,,,
533,533,Air flows from high pressure to low pressure,533,,,,,,,,
534,534,I feel good in front of the meat and I feel bad in low pressure,534,,,,,,,,
535,535,I don't know.,535,,,,,,,,
536,536,"At low pressures, the weather is cloudy due to the downward airflow",536,,,,,,,,
537,537,I don't understand.,537,,,,,,,,
538,538,Immigration,538,,,,,,,,
539,539,N?π„Ñ¥?Å„ÖÅ??539.0,"550,0,1,0,0,,,,",,,,,,,,
540,540,I don't know.,540,,,,,,,,
541,541,.,541,,,,,,,,
542,542,M and D,542,,,,,,,,
543,543,the d-hope,543,,,,,,,,
544,544,I have no idea.,544,,,,,,,,
545,545,I don't know.,545,,,,,,,,
546,546,This is because clouds are formed by low pressure.,546,,,,,,,,
547,547,1,547,,,,,,,,
548,548,"Since the air circulates downward in the low pressure, a lot of clouds are generated, so the weather is clear in the low pressure.",548,,,,,,,,
549,549,1,549,,,,,,,,
550,550,"It's ""Mong-lol-R-R",550,,,,,,,,
551,551,"Yes, show, show",551,,,,,,,,
552,552,I don't know,552,,,,,,,,
553,553,"At low pressure, clouds are formed",553,,,,,,,,
554,554,There are a lot of clouds in the low pressure,554,,,,,,,,
555,555,I don't know.,555,,,,,,,,
556,556,Because the air pressure is low,556,,,,,,,,
557,557,I don't know,557,,,,,,,,
558,558,"At low pressure, the air comes down from top to bottom and becomes humid or rainy",558,,,,,,,,
559,559,Clouds form under low pressure,559,,,,,,,,
560,560,"At low pressure, rising air currents are generated to create clouds.",560,,,,,,,,
561,561,This is because the cloud's steam comes down.,561,,,,,,,,
562,562,"In the low pressure, the air rises upward to form clouds, so it rains as the clouds grow and become heavier.",562,,,,,,,,
563,563,"The reason is that during low pressure, the air becomes heavy and keeps going down.The water vapor in it eventually turns into rain or snow, and the weather is bound to get cloudy.",563,,,,,,,,
564,564,I don't know,564,,,,,,,,
565,565,I haven't learned that from science yet,565,,,,,,,,
566,566,I don't know.,566,,,,,,,,
567,567,Since the air pressure is low.,567,,,,,,,,
568,568,"At high pressure, clouds rise to the sky due to a lot of air on the ground, but at low pressure, there is less air on the ground, so clouds come down. Therefore, it will rain.",568,,,,,,,,
569,569,I don't know,569,,,,,,,,
570,570,I don't know.,570,,,,,,,,
571,571,the heart of God,571,,,,,,,,
572,572,I don't know.,572,,,,,,,,
573,573,I don't know.,573,,,,,,,,
574,574,The weather is low,574,,,,,,,,
575,575,...,575,,,,,,,,
576,576,.....................,576,,,,,,,,
577,577,I don't know,577,,,,,,,,
578,578,"It's high during high-five, but it's hard to go down during the high-five",578,,,,,,,,
579,579,I don't know,579,,,,,,,,
580,580,It's low pressure,580,,,,,,,,
581,581,I don't know.,581,,,,,,,,
582,582,I don't know.,582,,,,,,,,
583,583,I don't know.,583,,,,,,,,
584,584,I don't know.,584,,,,,,,,
585,585,"At low pressure, the air pressure is low, so the weather is cloudy because the air goes down and the wind blows or falls",585,,,,,,,,
586,586,I'm turning it off,586,,,,,,,,
587,587,There are a lot of clouds,587,,,,,,,,
588,588,"If the air pressure is high, the weather is clear",588,,,,,,,,
589,589,Clouds are gathering in the low-pressure system,589,,,,,,,,
590,590,"I learned it, but I forgot",590,,,,,,,,
591,591,Just eider,591,,,,,,,,
592,592,I don't understand.,592,,,,,,,,
593,593,The low pressure makes me feel worseBecause the air pressure is low,593,,,,,,,,
594,594,I don't know.,594,,,,,,,,
595,595,I don't know.,595,,,,,,,,
596,596,"I want to eat meat, but I don't want to eat there",596,,,,,,,,
597,597,I'm a slim and sexy bunny,597,,,,,,,,
598,598,It's low pressure,598,,,,,,,,
599,599,"""The weather is not good if the air pressure is low, and the weather is good if the air pressure is high",599,,,,,,,,
600,600,"""",600,,,,,,,,
601,601,It's because of the low pressure,601,,,,,,,,
602,602,I don't understand.,602,,,,,,,,
603,603,"It is because the low pressure has a lot of water, so it creates a lot of clouds",603,,,,,,,,
604,604,I don't know because I don't have enough knowledge.,604,,,,,,,,
605,605,I really don't know.,605,,,,,,,,
606,606,Because cloud lights are produced a lot in low pressure.,606,,,,,,,,
607,607,It is cloudy under high pressure,607,,,,,,,,
608,608,"When the air pressure is lowered, the heat rises, creating clouds, and the weather becomes cloudy",608,,,,,,,,
609,609,Clouds are gathering,609,,,,,,,,
610,610,Air moves from high pressure to low pressure,610,,,,,,,,
611,611,"The higher the pressure, the worse the weather is",611,,,,,,,,
612,612,I don't know,612,,,,,,,,
613,613,There's a fog,613,,,,,,,,
614,614,"The higher the pressure, the worse the weather is",614,,,,,,,,
615,615,This is because the air rises to form clouds and the weather becomes cloudy.,615,,,,,,,,
616,616,"At low pressure, the air goes up, clouds gather, and the weather becomes cloudy",616,,,,,,,,
617,617,"During low pressure, the air rises, clouds gather, and the weather becomes cloudy",617,,,,,,,,
618,618,"At low pressure, the air goes up and the weather becomes cloudy.",618,,,,,,,,
619,619,This is because water vapor rises at low pressure and creates clouds,619,,,,,,,,
620,620,"At low pressure, the air rises to become clouds, making the weather cloudy",620,,,,,,,,
621,621,"At low pressure, the weather becomes cloudy because the air rises to become clouds.",621,,,,,,,,
622,622,The wind moves from high pressure to low pressure,622,,,,,,,,
623,623,"Rising air currents occur in low pressure, causing rain in the red clouds",623,,,,,,,,
624,624,"This is because the air pressure is low and the upward airflow is formed, resulting in clouds",624,,,,,,,,
625,625,"At high pressure, a downward airflow is formed and air is spread around, while at low pressure, an upward airflow is formed to create a cumulative cloud, making the weather cloudy.",625,,,,,,,,
626,626,The high pressure is due to the downstream air pressure and the low pressure is due to the upflow air pressure.,626,,,,,,,,
627,627,"This is because the lower the air pressure, the more cloudy it becomes.",627,,,,,,,,
628,628,Weather changes are observed because clouds are created.,628,,,,,,,,
629,629,"Since downward airflow occurs at high pressures and upward airflow occurs at low pressures, the weather becomes cloudy as water vapor forms clouds along the upward airflow.",629,,,,,,,,
630,630,I don't know.,630,,,,,,,,
631,631,"At low pressure, rising air currents cloud the weather.",631,,,,,,,,
632,632,"Clouds must be formed first, and clouds are formed because the mass of air expands and cools, and the water vapor mixed in it becomes droplets.",632,,,,,,,,
633,633,"Air pressure is low, so the air rises and the weather becomes cloudy.",633,,,,,,,,
634,634,It's because I feel sad,634,,,,,,,,
635,635,It's because of the downward airflow.,635,,,,,,,,
636,636,"It is affected by a downward airflow at low pressure and an upward airflow at high pressure, and is affected by a wire problem`",636,,,,,,,,
637,637,Why! The wind blows downward at low pressure.,637,,,,,,,,
638,638,"When low pressure develops, the weather is cloudy because rising air currents develop together and clouds and thunderstorms are well generated.",638,,,,,,,,
639,639,This is because upward airflow occurs.,639,,,,,,,,
640,640,That's true,640,,,,,,,,
641,641,The weather is cloudy because of the downward air current,641,,,,,,,,
642,642,"At high pressure, a descending airflow is formed and air is spread around, while at low pressure, an ascending airflow is formed to generate red clouds, so the weather becomes cloudy.",642,,,,,,,,
643,643,It's because of the rising air currents.,643,,,,,,,,
644,644,"Because the wind moves from high pressure to low pressure,",644,,,,,,,,
645,645,Clouds gather at low pressure because the wind blows from high pressure to low pressure.,645,,,,,,,,
646,646,G and O,646,,,,,,,,
647,647,I don't know.,647,,,,,,,,
648,648,"This is because if the air pressure is low, the number of air is small, so there is a lot of wind.",648,,,,,,,,
649,649,"This is because rising air currents occur in the low pressure, forming clouds.",649,,,,,,,,
650,650,I don't know.,650,,,,,,,,
651,651,The low pressure produces clouds and the weather flows because of rising air currents,651,,,,,,,,
652,652,"High pressure is an area where air is pushed around, and low pressure is an area where air is pushed around. Therefore, high pressure maintains clear weather because air is continuously discharged outside, but low pressure keeps air from the surrounding area and stays without air coming in and going out, so the air from the surrounding area is compressed or clouds from the surrounding area flock to stay, so the weather is cloudy.",652,,,,,,,,
653,653,"At high pressure, a downward airflow is formed, and at low pressure, an upward airflow is formed. Therefore, the weather is cloudy at a low pressure where water vapor in the atmosphere is prone to form clouds due to rising air currents.",653,,,,,,,,
654,654,"High pressure has a lot of air pressure, so the weather becomes clear, and low pressure has no air pressure, so the weather is cloudy.",654,,,,,,,,
655,655,I don't understand.,655,,,,,,,,
656,656,I don't know.,656,,,,,,,,
657,657,This is because the low pressure flows down.,657,,,,,,,,
658,658,I think the low pressure means the weather is bad,658,,,,,,,,
659,659,"""High pressure is high, so the weather is clear",659,,,,,,,,
660,660,"""The low pressure is low, so the weather is cloudy",660,,,,,,,,
661,661,"At low pressure, clouds come down because of the atmospheric pressure, and at high pressure, clouds come up because of the high pressure",661,,,,,,,,
662,662,"It is because the air pressure is strong and the water does not evaporate, so the weather is clear and the low pressure is opposite",662,,,,,,,,
663,663,"""The atmosphere is cloudy because Haetnim is far away",663,,,,,,,,
664,664,"""It's sunny because the sun is close to the sky""",664,,,,,,,,
665,665,I don't know.,665,,,,,,,,
666,666,"In low pressure, the air pressure is weak, so the weather becomes lighter, so clouds and air pressure collide, so it rains or the weather is dark.",666,,,,,,,,
667,667,I don't know,667,,,,,,,,
668,668,"In low pressure, the air pressure is weak, so the weather becomes lighter, and clouds and air pressure collide to rain or darken the weather.",668,,,,,,,,
669,669,The air is under strong pressure,669,,,,,,,,
670,670,The air has contracted and is not clear.,670,,,,,,,,
671,671,Clouds go up in high pressure and clouds go down in low pressure.,671,,,,,,,,
672,672,"""At high pressures, the air pressure is strong",672,,,,,,,,
673,673,The atmospheric pressure is weak,673,,,,,,,,
674,674,Because the weather is not good,674,,,,,,,,
675,675,"N, m, n, n, n, n, n, n, n",675,,,,,,,,
676,676,The air contracted,676,,,,,,,,
677,677,"""High pressure is high, so the weather is clear",677,,,,,,,,
678,678,"The low pressure is cloudy because the temperature is low.""",678,,,,,,,,
679,679,"High pressure is clear because the temperature is high, and low pressure is cloudy because the temperature is low",679,,,,,,,,
680,680,"High pressure is clear because the temperature is high, and low pressure is cloudy because the temperature is low",680,,,,,,,,
681,681,"In the case of high pressure, the air flow is produced, and as a result, the pressure is increased and the temperature is increased as the compression occurs. In the case of low pressure, the air flow is increased, the pressure is decreased, the temperature is lowered, the cloud temperature is reached",681,,,,,,,,
682,682,Why! The wind blows downward at low pressure.,682,,,,,,,,
683,683,The low pressure is a downward current,683,,,,,,,,
684,684,It is cloudy because the air pressure is low and there are many clouds.,684,,,,,,,,
685,685,"The low pressure is light in air, resulting in rising air currents. However, when the air rises, it condenses on the sky and becomes a cloud. Therefore, the weather in the low pressure is cloudy.",685,,,,,,,,
686,686,"At low pressure, a downward airflow appears, and the water evaporated from the high pressure area becomes a cloud and appears in the low pressure area to rain.",686,,,,,,,,
687,687,"This is because falling air currents occur at low pressures, creating clouds in the sky, causing rain.",687,,,,,,,,
688,688,"At high pressure, a falling air current does not occur, and at low pressure, a rising air current occurs, resulting in a weather phenomenon, making the weather cloudy.",688,,,,,,,,
689,689,The weather is cloudy because there are many clouds at low pressure.,689,,,,,,,,
690,690,"This is because when low pressure occurs, an upward airflow is created to create clouds.",690,,,,,,,,
691,691,"Low pressure flows because it rains a lot, but high pressure does not rain, so the weather is not cloudy",691,,,,,,,,
692,692,"Air pressure depends on how much air is gathered and how strong the pressure is. Therefore, when the descending airflow develops, high pressure is formed, and in this process, clear weather is formed as clouds disappear, and when the ascending airflow develops, low pressure is formed and the weather becomes cloudy.The wind blows from high to low pressure, so water vapor gathers in low pressure areas",692,,,,,,,,
693,693,"Rising air currents occur in low pressure. As the water vapor in the atmosphere rises, the surrounding temperature decreases, causing insulation expansion. When the water vapor reaches the dew point, it condenses into a liquid to form clouds. Therefore, it is cloudy because there are many clouds in the low pressure.",693,,,,,,,,
694,694,"The weather is mainly determined by clouds and rain, and clouds are made up of water vapor. These steam is pushed into the air at high pressure, so clouds cannot be formed, but at low pressure, the weather becomes cloudy because it is relatively easier to form clouds than high pressure.",694,,,,,,,,
695,695,"When the low pressure develops, the temperature rises and the rising airflow develops, so the weather is not clear and cloudy.",695,,,,,,,,
696,696,"In the low-pressure area, the wind blows in from other areas compared to the high-pressure area, so there is more rising air and a lot of clouds are generated, making the weather cloudy.",696,,,,,,,,
697,697,"At low pressure, the air is light, resulting in an upward airflow. Rising air currents help evaporate water vapor, so the weather becomes cloudy due to a lot of clouds.",697,,,,,,,,
698,698,"High pressure has high atmospheric pressure, which forms a downward airflow, making it difficult to form clouds due to rising water vapor. Therefore, an upward airflow is formed at a low pressure with a low air pressure to form clouds and maintain cloudy weather.",698,,,,,,,,
699,699,"At high pressure, the downward airflow develops and evaporation does not occur easily. Accordingly, clear weather continues, but on the contrary, rising air currents develop and evaporate easily at low pressures, so weather phenomena such as snow and rain continue to occur and cloudy weather continues.",699,,,,,,,,
700,700,..?,700,,,,,,,,
701,701,"High pressure is high, so the weather is clear.",701,,,,,,,,
702,702,?,702,,,,,,,,
703,703,luck,703,,,,,,,,
704,704,I don't know.,704,,,,,,,,
705,705,I don't know,705,,,,,,,,
706,706,The meat is delicious,706,,,,,,,,
707,707,The wind goes from low pressure to high pressure,707,,,,,,,,
708,708,Because the air pressure is low,708,,,,,,,,
709,709,It's low pressure,709,,,,,,,,
710,710,The low pressure is high and the weather is cloudy,710,,,,,,,,
711,711,yes,711,,,,,,,,
712,712,at a low air pressure,712,,,,,,,,
713,713,"This is because rising air flows occur at low pressure, and water vapor rises to form clouds.",713,,,,,,,,
714,714,I don't know.,714,,,,,,,,
715,715,High pressure to low pressure,715,,,,,,,,
716,716,"At low pressure, rising air currents develop, resulting in a lot of clouds and rain, and on the contrary, in high pressure, a lot of falling air currents are developed to form clear weather.",716,,,,,,,,
717,717,"Air moves from high pressure to low pressure, and downward airflow occurs at high pressure, and upward airflow occurs at low pressure, creating clouds. Therefore, the weather is cloudy in the low pressure.",717,,,,,,,,
718,718,I'm sorry.,718,,,,,,,,
719,719,"Because of the high and low pressures,",719,,,,,,,,
720,720,Because the air goes from high pressure to low pressure,720,,,,,,,,
721,721,"The wind blows from high pressure to low pressure, so the weather is cloudy in low pressure.",721,,,,,,,,
722,722,"In the high pressure, the weather is cloudy due to descending air currents, and in the low pressure, the upper atmosphere appears, creating clouds, rain, and snow",722,,,,,,,,
723,723,It's because your expression brightens up in front,723,,,,,,,,
724,724,due to rising air currents,724,,,,,,,,
725,725,I don't understand.,725,,,,,,,,
726,726,The low pressure is cloudy with rising air currents.,726,,,,,,,,
727,727,"At low pressure, the rising air current creates water droplets and ice grains due to the cold temperature, forming clouds, which causes rain.",727,,,,,,,,
728,728,Well...,728,,,,,,,,
729,729,This is because rising air currents are formed at high pressures and falling air currents are formed at low pressures.,729,,,,,,,,
730,730,I don't know,730,,,,,,,,
731,731,"High pressure is a downward current, low pressure is an upward current",731,,,,,,,,
732,732,M and D,732,,,,,,,,
733,733,"Good, good, good",733,,,,,,,,
734,734,Mall,734,,,,,,,,
735,735,I don't understand.,735,,,,,,,,
736,736,I don't understand.,736,,,,,,,,
737,737,I don't know.,737,,,,,,,,
738,738,I don't know,738,,,,,,,,
739,739,M and D,739,,,,,,,,
740,740,I don't understand.,740,,,,,,,,
741,741,I don't understand.,741,,,,,,,,
742,742,I don't understand.,742,,,,,,,,
743,743,I don't understand.,743,,,,,,,,
744,744,M and D,744,,,,,,,,
745,745,I don't know.,745,,,,,,,,
746,746,I don't know,746,,,,,,,,
747,747,I don't understand.,747,,,,,,,,
748,748,I don't understand.,748,,,,,,,,
749,749,M and D,749,,,,,,,,
750,750,I don't know,750,,,,,,,,
751,751,Gravity?,751,,,,,,,,
752,752,.,752,,,,,,,,
753,753,I don't understand.,753,,,,,,,,
754,754,I don't know,754,,,,,,,,
755,755,M and D,755,,,,,,,,
756,756,I don't know.,756,,,,,,,,
757,757,.,757,,,,,,,,
758,758,I don't understand.,758,,,,,,,,
759,759,Because the low pressure is the temperature below,759,,,,,,,,
760,760,There's a rising air current at the low pressure,760,,,,,,,,
761,761,There's a rising air current at the low pressure,761,,,,,,,,
762,762,There's a rising air current at the low pressure,762,,,,,,,,
763,763,"Because the air goes up when it's low pressure,",763,,,,,,,,
764,764,"""It's cloudy because the weather is low",764,,,,,,,,
765,765,"It will clear up if you let the weather go.""",765,,,,,,,,
766,766,"""High pressure and low pressure are not divided by any reference value, but by high pressure and low pressure, which is relatively higher than the ambient pressure.",766,,,,,,,,
767,767,,767,,,,,,,,
768,768,"In high-pressure areas, the air pressure is higher than the surroundings, and the wind blows from the high-pressure center to the low-pressure area, where the air comes down from the top to replenish. As the air descends, it is insulated and compressed, so the temperature rises, and as a result, the air becomes dry, so it generally has clear weather. Even if there is a cloud, it is dissipated by the descending air current, which generally makes the weather nice.",768,,,,,,,,
769,769,"In the northern hemisphere, the air that rises out is rotated clockwise because it has a conversion force to the right about the direction of the wind's progression.",769,,,,,,,,
770,770,,770,,,,,,,,
771,771,"At low pressure, as opposed to high pressure, the air pressure is lower than the surrounding area, and the wind blows from the high atmospheric pressure to the center of the low atmospheric pressure. The incoming air is insulated and expands as it rises, so the temperature drops, the atmosphere becomes saturated, and water vapor condenses to create clouds, and sometimes it rains. At this time, aerosols such as dust act as condensation to promote water droplets. In the Northern Hemisphere, the transition force from Earth's rotation causes it to spin counterclockwise.",771,,,,,,,,
772,772,,772,,,,,,,,
773,773,"With this principle, various weather changes are occurring according to the change in air pressure. """,773,,,,,,,,
774,774,"""",774,,,,,,,,
775,775,"Usually, low pressure occurs well in tropical seas, where there is a lot of evaporation of water vapor.",775,,,,,,,,
776,776,"So when water vapor evaporates, the westerlies and the Earth's rotation will cause it to spin",776,,,,,,,,
777,777,It rises as it does. (The cause of the rise is that warm air is lighter than the surrounding cold air.),777,,,,,,,,
778,778,"And as we go up, we have counterclockwise rotation in the Northern Hemisphere and clockwise rotation in the Southern Hemisphere.",778,,,,,,,,
779,779,"When the air warms up and rises, when it rises to a certain position, the pressure of the water vapor",779,,,,,,,,
780,780,"It rises, releasing only heat without change. However, if it rises above a certain position, it simply expands without the release or absorption of heat called insulation expansion, forming a cloud",780,,,,,,,,
781,781,"There are various types of clouds, so in areas where warm air is slowly moving up the cold air, a warm front is formed, and when cold air suddenly penetrates under the warm air and warm air is forced up, a cold front is formed, and the front surface is formed",781,,,,,,,,
782,782,Snow and rain are scattered around. The reason I spray snow rain is because clouds are the core of clouds,782,,,,,,,,
783,783,"Water vapor sticks to small dust or grains, and it gets bigger and bigger, and it turns into ice crystals or ice nuclei, and falls to the ground. If it falls, it's hailing, and then",783,,,,,,,,
784,784,"If it melts, it becomes rain, and if it melts and freezes again, it falls into hail or snow",784,,,,,,,,
785,785,It works.,785,,,,,,,,
786,786,"And even within the low pressure, there are parts that do not rain and clear up.",786,,,,,,,,
787,787,"Between the warm front and the cold front, you can see the private sky for a while.",787,,,,,,,,
788,788,But a cold front hits a warm front in front of the mobile faster than a warm front,788,,,,,,,,
789,789,"It becomes an occlusion front, sprinkles a lot of rain, and the low pressure disappears.""",789,,,,,,,,
790,790,"At the center of the low pressure, air containing water vapor goes up, and as the temperature of the air decreases, the water vapor condenses to form clouds, causing the weather to be cloudy, rain, or snow",790,,,,,,,,
791,791,"""At high pressures, the air cannot rise and it disperses and interferes with the formation of cloudsHigh-pressure areas usually have clear weather",791,,,,,,,,
792,792,The low pressure is caused by the rising air current and the upward movement of the air is active,792,,,,,,,,
793,793,"It creates good conditions for clouds to create, creating cloudy, rainy weather.""",793,,,,,,,,
794,794,"When the atmosphere rises at low pressure, water vapor condenses and clouds form.",794,,,,,,,,
795,795,"""In high-pressure areas, the air pressure is higher than the surrounding area, and the wind blows from the high-pressure center to the low-pressure area, where the air comes down from the top to replenish. As the air descends, it is insulated and compressed, so the temperature rises, and as a result, the air becomes dry, so it generally has clear weather.",795,,,,,,,,
796,796,"At low pressure, as opposed to high pressure, the air pressure is lower than the surrounding area, and the wind blows from the high atmospheric pressure to the center of the low atmospheric pressure. The incoming air is insulated as it rises, so the temperature drops, the atmosphere becomes saturated, the steam condenses to form clouds, and sometimes it rains.""",796,,,,,,,,
797,797,There's a rising air current in the low pressure,797,,,,,,,,
798,798,"""When the air pressure is low, the air goes up and creates clouds",798,,,,,,,,
799,799,It's cloudy and rainy.,799,,,,,,,,
800,800,"When the air pressure is high, the air goes down and is relatively clear.",800,,,,,,,,
801,801,"In other words, when the air pressure is lowered, rain falls, and when it is high, it becomes clear.",801,,,,,,,,
802,802,"When a typhoon blows, the air pressure is very low, resulting in bad weather. """,802,,,,,,,,
803,803,"Due to the influence of rising air currents, the upward movement of the air is active, creating good conditions for clouds to create, creating cloudy and rainy weather",803,,,,,,,,
804,804,"""",804,,,,,,,,
805,805,"When it's high pressure, the fog goes up and when it's low pressure, the fog comes down",805,,,,,,,,
806,806,"Air pressure is determined by the amount of air, and the air pressure may increase or decrease during the day. The relatively lower atmospheric pressure than the surrounding area is called the low pressure, and the higher atmospheric pressure than the surrounding area is called the high pressure. Rising air currents develop near the center of low pressure, which is lower than the surrounding air pressure, and rising air mass insulates and expands, resulting in clouds as the temperature decreases.",806,,,,,,,,
807,807,"""The evaporation of water is very closely related to pressure.",807,,,,,,,,
808,808,"When pressure is released, evaporation does not occur well, and when pressure is generated, evaporation occurs easily.",808,,,,,,,,
809,809,"Therefore, cloud generation is less during high pressure, and cloud generation is more during low pressure.""",809,,,,,,,,
810,810,Differences in air density result in high-pressure and low-pressure areas.,810,,,,,,,,
811,811,"""In low pressure, the air pressure is lower than the surroundings, so wind blows in from all directions.""",811,,,,,,,,
812,812,be cloudy with a lot of clouds,812,,,,,,,,
813,813,"""High pressure causes downward airflow and low pressure causes upward airflow.",813,,,,,,,,
814,814,High pressure is adiabatic compression when water vapor moves upward due to the influence of falling air currents.,814,,,,,,,,
815,815,The low pressure expands insulation under the influence of rising air currents.,815,,,,,,,,
816,816,Compression and expansion during adiabatic changes refer to the volume change of air.,816,,,,,,,,
817,817,"When the surrounding pressure increases, compression occurs and the volume decreases, and when the surrounding pressure decreases, the volume increases and expands.",817,,,,,,,,
818,818,"The pressure in the atmosphere also decreases as it goes up and increases as it goes down. This reduces the pressure (barometric pressure) because the distribution of the atmosphere is concentrated near the surface of the earth, so that the amount of atmosphere decreases as it goes up.",818,,,,,,,,
819,819,"Then, the reason why it is insulation compression at high pressure and insulation expansion at low pressure is that downward airflow develops at high pressure and upward airflow develops at low pressure.",819,,,,,,,,
820,820,"Then, at high pressure, the air is lowered because it is a descending airflow, and when the air is lowered, the ambient pressure (air pressure) increases, resulting in adiabatic compression. On the contrary, the low pressure is an ascending air current, so the air rises, and when the air rises, the surrounding pressure (air pressure) decreases, so it expands.",820,,,,,,,,
821,821,"In summary, air cannot rise at high pressure and prevents cloud generation, resulting in clear weather in high pressure areas, and low pressure creates good conditions for cloud generation by active upward movement due to rising air currents, creating cloudy and rainy weather.",821,,,,,,,,
822,822,"""",822,,,,,,,,
823,823,There's a rising air current at the low pressure,823,,,,,,,,
824,824,Differences in air density result in high-pressure and low-pressure areas.,824,,,,,,,,
825,825,"Inside the low pressure, the air pressure is lower than the surrounding pressure, so wind blows from all directions.""",825,,,,,,,,
826,826,Differences in air density result in high-pressure and low-pressure areas.,826,,,,,,,,
827,827,"Inside the low pressure, the air pressure is lower than the surrounding pressure, so wind blows from all directions.""",827,,,,,,,,
828,828,"When the air pressure is high, the air goes down and is relatively high",828,,,,,,,,
829,829,an up-and a downward current,829,,,,,,,,
830,830,Because the air pressure is different,830,,,,,,,,
831,831,"""Because of the high atmospheric pressure, the water droplets that were clumped together are released by lowering the air pressure",831,,,,,,,,
832,832,"""",832,,,,,,,,
833,833,Because the air pressure is low,833,,,,,,,,
834,834,"When a person is in a bad mood, they use the expression ""low pressure""",834,,,,,,,,
835,835,It's cloudy because the temperature is low,835,,,,,,,,
836,836,I don't know,836,,,,,,,,
837,837,There's a low-pressure underwater system,837,,,,,,,,
838,838,"When it's low pressure, it'",838,,,,,,,,
839,839,"At low pressure, the air pressure is low",839,,,,,,,,
840,840,The low pressure makes the weather cloudy,840,,,,,,,,
841,841,The low pressure is humid. High pressure is less humid.,841,,,,,,,,
842,842,The low pressure of the air creates a lot of clouds,842,,,,,,,,
843,843,"At high pressure, the air pressure is high, so the temperature is high, and at low pressure, the air pressure is low, so the temperature is low",843,,,,,,,,
844,844,"This is because the pressure of the air is low, resulting in a lot of clouds.",844,,,,,,,,
845,845,High pressure has a high air pressure and low pressure has a low air pressure,845,,,,,,,,
846,846,"At low pressure, it is cloudy because the pressure is strong and the steam tends to clump together.",846,,,,,,,,
847,847,"If the air pressure is low, the insulation expansion is good, resulting in clouds and cloudy skies.",847,,,,,,,,
848,848,The answer is in the science book,848,,,,,,,,
849,849,"When it's low pressure, the pressure is strong, so it's easy for the steam to gather",849,,,,,,,,
850,850,"""There's not much steam",850,,,,,,,,
851,851,"""",851,,,,,,,,
852,852,"In high-pressure areas, the weather is usually clear or hot, but in low-",852,,,,,,,,
853,853,Well...,853,,,,,,,,
854,854,It's hard to condense water vapor under high pressure and it's easy to condense water vapor under low pressure,854,,,,,,,,
855,855,It's sunny at high pressure and cloudy at low pressure,855,,,,,,,,
856,856,This is because the temperature is high at high pressure and the low pressure is low.,856,,,,,,,,
857,857,High pressure is cloudy because there is a lot of air and low pressure is cloudy,857,,,,,,,,
858,858,High pressure makes the weather clear and low pressure makes the weather cloudy.,858,,,,,,,,
859,859,The low pressure is because the high profit goes down.,859,,,,,,,,
860,860,"High pressure has a lot of air, so the weather is clear, but low pressure has little air, so the weather is cloudy",860,,,,,,,,
861,861,"At high pressure, there are no clouds because the water vapor cannot condense due to high pressure in the air, and at low pressure, the water vapor is easy to condense because the pressure of the air is small, so there are many clouds.",861,,,,,,,,
862,862,by the rising air current,862,,,,,,,,
863,863,Insulation expansion creates clouds,863,,,,,,,,
864,864,Clouds are created by rising air currents.,864,,,,,,,,
865,865,The clouds are clouded,865,,,,,,,,
866,866,It is cloudy because clouds are formed in low pressure.,866,,,,,,,,
867,867,Low barometric pressure creates upward airflow,867,,,,,,,,
868,868,"At low pressure, clouds are formed by the formation of rising air currents.",868,,,,,,,,
869,869,Cloud generation by rising air currents,869,,,,,,,,
870,870,The low pressure is clouded by rising air currents,870,,,,,,,,
871,871,Clouds are created and it rains because of rising air currents,871,,,,,,,,
872,872,Clouds are created by rising air currents,872,,,,,,,,
873,873,The weather is cloudy due to the formation of clouds in the process of insulation expansion due to the rising airflow.,873,,,,,,,,
874,874,"In the case of high pressure, a downward airflow is generated, and in the case of low pressure, a rising airflow is generated. As rising air flows are generated, water vapor evaporates to form clouds.",874,,,,,,,,
875,875,It's low,875,,,,,,,,
876,876,I don't know,876,,,,,,,,
877,877,"If you're feeling low, in front of the meat",877,,,,,,,,
878,878,Clouds formed on the low pressure side,878,,,,,,,,
879,879,The fog is heavier than the air,879,,,,,,,,
880,880,"At low pressure, high pressure air gathers at low pressure",880,,,,,,,,
881,881,I don't know.,881,,,,,,,,
882,882,The weather is more cloudy in low pressure because clouds gather in low pressure.,882,,,,,,,,
883,883,"At low pressure, the air goes up and the day becomes cloudy. At high pressure, the air goes down and the weather clears up.",883,,,,,,,,
884,884,"""At high pressures, the air cannot rise and it disperses and interferes with the formation of clouds",884,,,,,,,,
885,885,High-pressure areas usually have clear weather,885,,,,,,,,
886,886,The low pressure is caused by the rising air current and the upward movement of the air is active,886,,,,,,,,
887,887,"Clouds create good conditions for creating cloudy and rainy weather.""",887,,,,,,,,
888,888,The low pressure is clouded down,888,,,,,,,,
889,889,"If the air pressure is high, it will be because the cloud goes to the low pressure place. In the case of low pressure, it is the opposite.",,,,,,,,,
890,890,Because there are many clouds in the low pressureWhat's that?,,,,,,,,,
891,891,.,,,,,,,,,
892,892,This is because the air pressure is low.,,,,,,,,,
893,893,...,,,,,,,,,
894,894,"The higher the air pressure, the lower the amount of water vapor generated",,,,,,,,,
895,895,This is because you can't breathe as the air pressure decreases.,,,,,,,,,
896,896,I don't know,,,,,,,,,
897,897,God created it like that,,,,,,,,,
898,898,The low pressure is low,,,,,,,,,
899,899,I don't know.,,,,,,,,,
900,900,"This is because clouds gather at high pressure, but at low pressure, they do not clump well.",,,,,,,,,
901,901,The underwater planes gathered at low pressure are cloudy and clear at high pressure,,,,,,,,,
902,902,Is it a temperature difference?,,,,,,,,,
903,903,I don't know.,,,,,,,,,
904,904,"Because the weekly duty is high pressure, rain clouds that are under high pressure come to the low pressure",,,,,,,,,
905,905,"Because the air pressure is weak, the air can move well...?",,,,,,,,,
906,906,"This is because the distance from the sky is long at low pressure, so there is less air.",,,,,,,,,
907,907,"It doesn't rain because it's above the clouds at high pressure, but it rains because it's below the clouds at low pressure",,,,,,,,,
908,908,It's because you run out of oxygen,,,,,,,,,
909,909,I DONT KNOW,,,,,,,,,
910,910,Cloud forms over low pressure as air moves from high pressure to low pressure,,,,,,,,,
911,911,.,,,,,,,,,
912,912,Because the air pressure is low,,,,,,,,,
913,913,The weather is not clear because the air flows slowly under low pressure,,,,,,,,,
914,914,"When air pressure is low, air rises to form clouds, making it cloudy and rainy.",,,,,,,,,
915,915,"When the air pressure is high, the air goes down and is relatively clear.",,,,,,,,,
916,916,"""",,,,,,,,,
917,917,The drops of water in the clouds are about to fall,,,,,,,,,
918,918,I don't know,,,,,,,,,
919,919,Well,,,,,,,,,
920,920,The air pressure is low and the temperature is opaque,,,,,,,,,
921,921,"This is because at low pressure, air rises to form clouds and rains.",,,,,,,,,
922,922,Yeah.,,,,,,,,,
923,923,"Rising air currents occur in the center of the low pressure, which can expand as the air rises, and cause cloudiness as the temperature drops",,,,,,,,,
924,924,d,,,,,,,,,
925,925,I don't understand.,,,,,,,,,
926,926,I don't know,,,,,,,,,
927,927,"At high pressure, there is a circulation of air as an upward airflow, so it is clear.",,,,,,,,,
928,928,"When the air pressure is low, the air is tilted upward.",,,,,,,,,
929,929,"If it's low pressure, the air pressure will be low",,,,,,,,,
930,930,The weather is cloudy from high pressure to low pressure.,,,,,,,,,
931,931,"""When the air pressure is low, the air goes up and creates clouds",,,,,,,,,
932,932,,,,,,,,,,
933,933,It's cloudy and rainy.,,,,,,,,,
934,934,,,,,,,,,,
935,935,The barometer is high air pressure if it is relatively clean and make it down.,,,,,,,,,
936,936,,,,,,,,,,
937,937,"In other words, higher air pressure is low, the rainy and sunny.",,,,,,,,,
938,938,,,,,,,,,,
939,939,"The typhoon is a fire in a very low atmospheric pressure bad weather is what happens.""",,,,,,,,,
940,940,Clouds gather because the air is directed to the low pressure.,,,,,,,,,
941,941,Clouds gather because the wind blows from high pressure to low pressure.,,,,,,,,,
942,942,Because the wind goes from high pressure to low pressure.,,,,,,,,,
943,943,I don't know,,,,,,,,,
944,944,I don't understand.,,,,,,,,,
945,945,The low pressure is cloudy because the typhoon is a temperate low pressure.,,,,,,,,,
946,946,"At low pressure, the surrounding air gathers, so it is not clear because many clouds are formed due to the collision of the air.",,,,,,,,,
947,947,I don't know.,,,,,,,,,
948,948,The air goes from high pressure to low pressure.,,,,,,,,,
949,949,I don't know.,,,,,,,,,
950,950,This is because air moves from high pressure to low pressure.,,,,,,,,,
951,951,I don't know.,,,,,,,,,
952,952,I don't know,,,,,,,,,
953,953,.,,,,,,,,,
954,954,.,,,,,,,,,
955,955,"Air moves from high pressure to low pressure. Because air moves from high pressure, rising air currents occur at low pressure, and as warm air on the surface rises, water vapor contained in the air becomes liquefied and becomes droplets, resulting in a lot of clouds.",,,,,,,,,
956,956,"At low pressures, atmospheric pressure enters the surrounding area, creating rising air currents and forming clouds. So the chance of rain is greater, and it's cloudy.",,,,,,,,,
957,957,Low pressure is more prone to clouds because of rising air currents.,,,,,,,,,
958,958,"At high pressure, it is clear weather because water vapor does not rise with downward air, and it is cloudy because water vapor rises with upward air from low pressure to create clouds.",,,,,,,,,
959,959,"At low pressure, there is an upward airflow, which causes water vapor to rise and clouds to form, making the day cloudy.",,,,,,,,,
960,960,I don't know,,,,,,,,,
961,961,This is because the low pressure creates an upward airflow.,,,,,,,,,
962,962,"At low pressure, air tends to rise, so clouds are likely to form, resulting in cloudy weather.",,,,,,,,,
963,963,I don't know,,,,,,,,,
964,964,"In the case of low pressure, the weather becomes cloudy because air enters from the surroundings and forms an upward airflow, creating a lot of clouds.",,,,,,,,,
965,965,The atmosphere is unstable because of rising air currents in the low pressure,,,,,,,,,
966,966,I don't know,,,,,,,,,
967,967,I don't know,,,,,,,,,
968,968,"In the case of high pressure, the air pressure is larger than the surrounding area, and high pressure is caused by adiabatic compression. That's why the temperature rises more than the surrounding area, making the weather clear. In the case of low pressure, it means that the air pressure is larger than that of the surrounding area, but due to insulation expansion, the temperature is low, making it cloudy.",,,,,,,,,
969,969,"The low pressure has an upward airflow, and a lot of clouds are formed and cloudy due to the rising water.",,,,,,,,,
970,970,"Air is concentrated in the area where the downward airflow occurs, and the place where the upward airflow occurs is drained and becomes a low pressure. At low pressure, which is an upward airflow, air rises and insulation expands, which reduces the amount of saturated water vapor to liquefy the water vapor. That's why clouds form.",,,,,,,,,
971,971,I don't know,,,,,,,,,
972,972,I don't know,,,,,,,,,
973,973,I don't know,,,,,,,,,
974,974,"""Low pressure air produces rising clouds well",,,,,,,,,
975,975,"High pressure air does not produce a falling cloud well""",,,,,,,,,
976,976,I don't know,,,,,,,,,
977,977,"At low pressure, air gathers into the sky. Therefore, clouds are created in the sky around the low pressure, but the high pressure is the opposite.",,,,,,,,,
978,978,I have no idea.,,,,,,,,,
979,979,The low pressure creates clouds as a descending airflow,,,,,,,,,
980,980,Evaluation Only. Created with Aspose.Cells for Python via Java.Copyright 2003 - 2022 Aspose Pty Ltd.,,,,,,,,,
