,"10. The Earth is known to spin itself along its axis of rotation. This phenomenon is called the rotation of the Earth, and what are some of the natural phenomena that occur in the rotation of the Earth? Let's use our knowledge of Earth's rotation to explain it in detail. ",Daytime,Byulilju,season,time difference,circulation
0,I don't know.,0,0,0,0,0
1,atmospheric circulation,0,0,0,0,1
2,the appearance of the season,0,0,1,0,0
3,"Forward power, day and night",0,0,0,0,0
4,Day and night occur,0,0,0,0,0
5,"Through the rotation of the earth, night and face change occurs",0,0,0,0,0
6,Day and night are caused by the rotation of the earth.,0,0,0,0,0
7,The seasons change,0,0,1,0,0
8,Day and night occur.,0,0,0,0,0
9,Night and day.,0,0,0,0,0
10,"Due to the Earth's rotation, large-scale weather phenomena such as typhoons receive forward force during the process, which can lead to a warp in direction.",0,0,0,0,0
11,Day and night change due to the rotation of the Earth.,0,0,0,0,0
12,Day and night occur through the rotation of the earth.,0,0,0,0,0
13,Day and night occur.,0,0,0,0,0
14,"It is necessary to have a rotation to maintain the current atmospheric circulation cells, thus maintaining the current climate.",0,0,0,0,1
15,Night and day change.,0,0,0,0,0
16,"Day and night occur in a day, and rotation causes convection and ocean current circulation.",0,0,0,0,1
17,Night and day form.,0,0,0,0,0
18,"On Earth's rotation, the surface facing the sun becomes day and vice versa.",0,0,0,0,0
19,Night and day.,0,0,0,0,0
20,Day and night change.,0,0,0,0,0
21,"Because the Earth's axis of rotation rotates in a tilted state, day and night change, the circadian motion of the celestial body occurs, the western side of the orbit of the satellite occurs, and the reciprocating direction of the Foucault pendulum changes",0,0,0,0,0
22,"Forward power, day and night",0,0,0,0,0
23,Day and night occur.  A roundabout movement takes place.,0,0,0,0,0
24,"Headley Circulation, Day and Night, Equatorial Expansion",0,0,0,0,0
25,Day and night occur and change the circulation of the atmosphere and seawater.,0,0,0,0,1
26,"Forward power, pendulum movement",0,0,0,0,0
27,"There are days and nights. The Earth rotates every 24 hours, which creates day and night. There are cases where these phenomena do not occur well in the polar regions, which is called the polar and white night phenomena.",0,0,0,0,0
28,Day and night created,0,0,0,0,0
29,"The rotation changes day and night, and several cells are created in the atmospheric circulation. It is the source of the turning power of the sea breeze and the typhoon. The forward force is important for calculating the trajectory of a shell or aircraft.",0,0,0,0,1
30,I don't know,0,0,0,0,0
31,I don't know,0,0,0,0,0
32,I don't know,0,0,0,0,0
33,I don't know,0,0,0,0,0
34,I don't know,0,0,0,0,0
35,I don't know,0,0,0,0,0
36,I don't know,0,0,0,0,0
37,I don't know,0,0,0,0,0
38,I don't know,0,0,0,0,0
39,I don't know,0,0,0,0,0
40,I don't know,0,0,0,0,0
41,I don't know.,0,0,0,0,0
42,"The weather changes this year, including spring, summer, fall, and winter.",0,0,0,0,0
43,I don't know.,0,0,0,0,0
44,I don't know,0,0,0,0,0
45,I don't know,0,0,0,0,0
46,I don't know,0,0,0,0,0
47,I don't know,0,0,0,0,0
48,I don't know,0,0,0,0,0
49,I don't know,0,0,0,0,0
50,The earth is rolling,0,0,0,0,0
51,I see the moon and the sun,0,0,0,0,0
52,Day and night change.,0,0,0,0,0
53,"Seasonal change, day and night",0,0,0,0,0
54,"Seasonal change, day and night",0,0,0,0,0
55,The earth is rolling,0,0,0,0,0
56,Day and night occur.,0,0,0,0,0
57,Day and night are natural phenomena,0,0,0,0,0
58,The Earth's rotation changes the seasons,0,0,1,0,0
59,Seasons change?,0,0,0,0,0
60,Day and night occur.,0,0,0,0,0
61,Day and night occur.,0,0,0,0,0
62,Day and night are caused by the rotation of the earth.,0,0,0,0,0
63,Day and night are caused by the rotation of the earth,0,0,0,0,0
64,The earth is spinning fast,0,0,0,0,0
65,Night and day.,0,0,0,0,0
66,There are mornings and nights and seasons.,0,0,1,0,0
67,Natbam is changing and Nalsh is changing,0,0,0,0,0
68,The seasons change,0,0,1,0,0
69,Night and day occur,0,0,0,0,0
70,Night and day occur.,0,0,0,0,0
71,Day and night occur,0,0,0,0,0
72,Day and night come and a year comes,0,0,0,0,0
73,Day and night come. Seasons change,0,0,0,0,0
74,Day and night occur,0,0,0,0,0
75,"""1.Time changes.",0,0,0,0,0
76,"Day and night occur.""",0,0,0,0,0
77,Earth's rotation creates day and night.,0,0,0,0,0
78,Day and night are caused by the rotation of the earth,0,0,0,0,0
79,Night and day occur,0,0,0,0,0
80,Day and night occur and owls go hunting at night.,0,0,0,0,0
81,Night and day occur,0,0,0,0,0
82,Night and day form,0,0,0,0,0
83,Night and day.,0,0,0,0,0
84,Daytime and rooms are fresh and the seasons are born. And time varies from country to country,1,0,1,0,0
85,Night and day occur on Earth.,0,0,0,0,0
86,The rotation produces night and day,0,0,0,0,0
87,Day and night occur.,0,0,0,0,0
88,Seasons vary from country to country,0,0,0,0,0
89,Day and night occur,0,0,0,0,0
90,Day and night occur. (The part that receives the sun or the part that doesn't),0,0,0,0,0
91,A day goes round regularly with 24 hours.,0,0,0,0,0
92,Day and night occur.,0,0,0,0,0
93,Day and night occur.,0,0,0,0,0
94,Day and night come and time goes.,0,0,0,0,0
95,"The trees seem to be moving, and there are days and nights again",0,0,0,0,0
96,"When the earth rotates, day and night occur, so it affects our lives a lot.",0,0,0,0,0
97,I don't know.,0,0,0,0,0
98,Day and night occur by rotationDay and night occur and affect our lives.,0,0,0,0,0
99,"Through the rotation of the earth, the face changes at night.",0,0,0,0,0
100,"As the earth rotates, day and night occur, and day and night occur, the temperature decreases at night when the sun is not shining, and the low temperature that the sun shines rises",0,0,0,0,0
101,"The most obvious natural phenomena caused by the Earth's rotation are night and day. Daytime is the place where the sun shines, and night is the place where the sun does not shine. In addition, the Earth's rotation speed is due to the Earth's rotation, which occurs 24 hours a lap and for a day.",1,0,0,0,0
102,I don't know.,0,0,0,0,0
103,??103,0,0,0,0,0
104,Day and night change.,0,0,0,0,0
105,I don't know,0,0,0,0,0
106,to,0,0,0,0,0
107,Night and day occur.,0,0,0,0,0
108,There is day/night to explain in detail,0,0,0,0,0
109,I don't know,0,0,0,0,0
110,??110,0,0,0,0,0
111,the ebb and flow,0,0,0,0,0
112,There is a typhoon,0,0,0,0,0
113,"the growth of flowers, trees, and grass",0,0,0,0,0
114,Day and night occur,0,0,0,0,0
115,Night and day occur,0,0,0,0,0
116,Month,0,0,0,0,0
117,"If the earth doesn't go around, some places will continue to be cold and others will continue to be hot, making it difficult to live",0,0,0,0,0
118,The day is gone,0,0,0,0,0
119,night and day,0,0,0,0,0
120,"Night and day spring, summer, fall, and winter",0,0,0,0,0
121,from west to east,0,0,0,0,0
122,Japanese food,0,0,0,0,0
123,I don't know,0,0,0,0,0
124,Day and night occur.,0,0,0,0,0
125,I don't know much about the Earth,0,0,0,0,0
126,Japanese food,0,0,0,0,0
127,??127,0,0,0,0,0
128,even though I'm a loser,0,0,0,0,0
129,I don't know,0,0,0,0,0
130,I don't know.,0,0,0,0,0
131,"Day when the sun is visible and night when the sun is invisible occurs, and the season occurs.",0,0,1,0,0
132,He,0,0,0,0,0
133,The rotation of the earth changes the seasons,0,0,1,0,0
134,"Day when the sun is visible and night when the sun is invisible occurs, and the season occurs.",0,0,1,0,0
135,I forgot,0,0,0,0,0
136,A day goes by.,0,0,0,0,0
137,Day and night occur.,0,0,0,0,0
138,I don't know.,0,0,0,0,0
139,night and day,0,0,0,0,0
140,Day and night are achieved by the rotation of the earth.,0,0,0,0,0
141,"There are natural phenomena such as earthquakes, volcanic eruptions, tsunamis, and landslides",0,0,0,0,0
142,"On Earth's rotation, we can see night and day",0,0,0,0,0
143,I don't know,0,0,0,0,0
144,Night and day have come.,0,0,0,0,0
145,The natural phenomenon that occurs when the earth rotates is an eclipse,0,0,0,0,0
146,We can walk.,0,0,0,0,0
147,The moon rises and sets.,0,0,0,0,0
148,The earth rotates and the moon revolves,0,0,0,0,0
149,Day and night occur,0,0,0,0,0
150,night and day,0,0,0,0,0
151,Day and night repeat,0,0,0,0,0
152,Four seasons appear,0,0,1,0,0
153,"By the Earth's rotation, the sun, moon, and star appear to be visible from the east for a day and disappear to the west. Because day and night are caused by the rotation of the earth",0,0,0,0,0
154,"By the Earth's rotation, the sun, moon, and star appear to be visible from the east for a day and disappear to the west. Day and night are caused by the rotation of the earth.",0,0,0,0,0
155,Day and night are created by the rotation of the earth.,0,0,0,0,0
156,Day and night change,0,0,0,0,0
157,"By the Earth's rotation, the sun, moon, and star appear to be visible from the east for a day and disappear to the west. Day and night are caused by the rotation of the earth.",0,0,0,0,0
158,The rotation of the earth changes the altitude of the sun,0,0,0,0,0
159,Day and night occur,0,0,0,0,0
160,"There are four seasons in the mid-level region. The earth rotates and is fair around the sun, so there is a season.",0,0,1,0,0
161,?ã·,0,0,0,0,0
162,the occurrence of day and night,0,0,0,0,0
163,"By the Earth's rotation, the sun, moon, and star appear to be visible from the east for a day and disappear to the west. Day and night are caused by the rotation of the earth.",0,0,0,0,0
164,The seasons change,0,0,1,0,0
165,The seasons change,0,0,1,0,0
166,"By the Earth's rotation, the sun, moon, and star appear to be visible from the east for a day and disappear to the west.",0,0,0,0,0
167,.,0,0,0,0,0
168,The seasons change,0,0,1,0,0
169,The plants differ from season to season,0,0,1,0,0
170,"By the Earth's rotation, the sun, moon, and star appear to be visible from the east for a day and disappearing westward. Night is caused by the rotation of the earth",0,0,0,0,0
171,The Earth's rotation shows changes in the shape of the moon and creates nights and days.,0,0,0,0,0
172,"Due to the Earth's rotation, the sun, moon, and stars begin to be seen in the east for a day and disappear to the west. Also, the Earth's rotation causes day and night.",0,0,0,0,0
173,The convection of air and sea water change the direction of circulation.,0,0,0,0,1
174,"By the Earth's rotation, the sun, moon, and star appear to be visible from the east for a day and disappear to the west. Day and night are caused by the rotation of the earth.",0,0,0,0,0
175,Day and night are created by the rotation of the earth.,0,0,0,0,0
176,The sun and moon seem to start to be seen in the east for a day and disappear to the west. Day and night occur.,0,0,0,0,0
177,"Day and night occur. The convection of the atmosphere is divided into Hadley Circulation, Ferrell Circulation, and Polar Circulation.",0,0,0,0,0
178,Night and day occur and star circulation occurs.,0,0,0,0,1
179,The seasons change.,0,0,1,0,0
180,"The earth rotates, resulting in night and day",0,0,0,0,0
181,"the ebb and flow, the movement of clouds, the sunset, the sunrise",0,0,0,0,0
182,Day and night occur.,0,0,0,0,0
183,I don't know.,0,0,0,0,0
184,Day and night occur,0,0,0,0,0
185,Night and day form as the earth rotates,0,0,0,0,0
186,Day and night occur,0,0,0,0,0
187,It's daytime when the sun is looking at and night when it's against the sun,0,0,0,0,0
188,Day and night occur as the earth rotates.,0,0,0,0,0
189,the occurrence of day and night,0,0,0,0,0
190,It revolves around the sun,0,0,0,0,0
191,"It's raining, windy, and snowing",0,0,0,0,0
192,"Day and night occur, and over time, animals and humans can live.",0,0,0,0,0
193,Day and night occur,0,0,0,0,0
194,We can go around once a year and have an earthquake,0,0,0,0,0
195,Day and night occur Clouds move,0,0,0,0,0
196,Daytime and night break out,1,0,0,0,0
197,It is night when you are facing the sun and day when you are looking at the sun.The seasons change,0,0,1,0,0
198,Day and night occur,0,0,0,0,0
199,Day and night occur,0,0,0,0,0
200,Night and day occur.,0,0,0,0,0
201,"As the bicycle freezes, day and night occur",0,0,0,0,0
202,"Due to the Earth's rotation, there are situations where day and night occur, and in some countries, there are situations where it can be day but in some countries it can be night.",0,0,0,0,0
203,The rotation causes day and night.,0,0,0,0,0
204,Change the time zone to create day and night.,0,0,0,0,0
205,Day and night occur,0,0,0,0,0
206,Night and day form,0,0,0,0,0
207,Day and night occur and there is a time difference between countries.,0,0,0,1,0
208,Day and night occur,0,0,0,0,0
209,Day and night change,0,0,0,0,0
210,Night and day come and day comes.,0,0,0,0,0
211,Day and night are caused by the rotation of the earth.,0,0,0,0,0
212,Day and night occur. The sun seems to be from east to west.Seems to be from east to west moon.,0,0,0,0,0
213,Causes day and night.,0,0,0,0,0
214,Day and night and weather and climate changes.,0,0,0,0,0
215,Night and day and every country is jet lag.,0,0,0,0,0
216,"""ì§?êµ¬ì ?ì :ì§?êµ¬ê? ?¨ê·¹ê³?ë¶ê·¹??ì§??ë ? ì ì¶ì¼ë¡??ë£¨(24?ê°)????ë°í?´ì ì£¼ê¸°ë¡??ì ?ë ?ì?¼ë¡, ë°¤ê³¼ ??´ ë°ì?ë ?ì¸???ë¤.",0,0,0,0,0
217,"The sun is starting to look in the east to west : what happens in the rotation of the earth seems to move is why the Earth's rotation by what happens. """,0,0,0,0,0
218,In some countries is which country the day and night if you don't do the rotation to the earth rotates.,0,0,0,0,0
219,Day and night in the rotation of the earth.,0,0,0,0,0
220,Day and night due to the rotation of the earth alternately to come.,0,0,0,0,0
221,I don't know.,0,0,0,0,0
222,The sun is standing up to him later.,0,0,0,0,0
223,Rise and shine in sttaga.,0,0,0,0,0
224,Let me clean the Earth.,0,0,0,0,0
225,Let me clean the earth.,0,0,0,0,0
226,I don't know.,0,0,0,0,0
227,..,0,0,0,0,0
228,I don't know,0,0,0,0,0
229,Unknowingness,0,0,0,0,0
230,"""Han is the best.""",0,0,0,0,0
231,"""I don't know in a word""",0,0,0,0,0
232,environmental pollution,0,0,0,0,0
233,Don't know,0,0,0,0,0
234,There is climate change in each country because the position of the sun changes as the earth rotates.,0,0,0,0,0
235,There is a chestnut sickle. There are four seasons,0,0,1,0,0
236,the moon circling the earth,0,0,0,0,0
237,the change of seasons,0,0,1,0,0
238,I don't know,0,0,0,0,0
239,I don't know,0,0,0,0,0
240,The plants helped me,0,0,0,0,0
241,I have no idea.,0,0,0,0,0
242,Planet,0,0,0,0,0
243,night and day,0,0,0,0,0
244,I have no idea.,0,0,0,0,0
245,the occurrence of day and night,0,0,0,0,0
246,the alternation of the sun and the moon,0,0,0,0,0
247,Day and night change.,0,0,0,0,0
248,"The earth rotates, resulting in day and night.",0,0,0,0,0
249,night and day waves,0,0,0,0,0
250,"The earth is moving, but we're still there",0,0,0,0,0
251,I don't know,0,0,0,0,0
252,Let's not interfere when the earth is spinning,0,0,0,0,0
253,The universe is a magnet.,0,0,0,0,0
254,"The sun rises, the moon rises, and the zodiac signs change",0,0,0,0,0
255,"Day and night occur, temperature differences during the day, and shadow length changes.",0,0,0,0,0
256,The bicycle wakes up and time goes by. Why is the morning and night coming?,0,0,0,0,0
257,"""There's no scientific explanation or interpretation It's generally spinning because of the sun",0,0,0,0,0
258,"Or, according to the Bible, it rotates for the sake of humans spring, summer, fall, winter)""",0,0,0,0,0
259,I don't know,0,0,0,0,0
260,Day and night occur,0,0,0,0,0
261,I don't know,0,0,0,0,0
262,Day and night occur,0,0,0,0,0
263,Day and night occur,0,0,0,0,0
264,Currents and winds are created.,0,0,0,0,0
265,"The seasons change.""",0,0,1,0,0
266,day and night,0,0,0,0,0
267,Day and night occur.,0,0,0,0,0
268,Day and night occur,0,0,0,0,0
269,Day and night occur,0,0,0,0,0
270,"Day and night come, the wind blows",0,0,0,0,0
271,It's all-nda,0,0,0,0,0
272,An atmospheric circulation occurs.,0,0,0,0,1
273,Day and night occur,0,0,0,0,0
274,Day and night occur on Earth.,0,0,0,0,0
275,Day and night change and tide ebb and flow.,0,0,0,0,0
276,"Atmospheric circulation, faces and nights arise.",0,0,0,0,1
277,Night and day are caused by the rotation of the earth,0,0,0,0,0
278,I don't know.,0,0,0,0,0
279,The movement of stars and the movement of the sun as an example of the Earth's rotation,0,0,0,0,0
280,"Sunrise, Sunset, Wind, Trade Wind",0,0,0,0,0
281,The sun rises and sets.,0,0,0,0,0
282,The sun rises and sets. Day and night occur. You can see the stars.,0,0,0,0,0
283,Day and night have come.,0,0,0,0,0
284,"There are changes in day and night, and various winds blowing on the earth.",0,0,0,0,0
285,a westerly wind,0,0,0,0,0
286,"Star circulation, atmospheric circulation, etc. occur.",0,0,0,0,1
287,"The circulation of the atmosphere and seawater stops, and the temperature imbalance becomes severe because one person receives too much sunlight or does not.",0,0,0,0,1
288,the circulation of the atmosphere,0,0,0,0,1
289,Daytime and night occur.,1,0,0,0,0
290,Day and night occur.,0,0,0,0,0
291,"The sun seems to rise and set, the circadian motion of the star, the forward force, the atmospheric circulation",0,0,0,0,1
292,Day and night occur.,0,0,0,0,0
293,"Day and night changes, stars dome in the sky",0,0,0,0,0
294,day and night changes,0,0,0,0,0
295,"Sunrise and sunset, atmospheric circulation, forward power, star circulation",0,0,0,0,1
296,Round and roundthe state of day and night being switched,0,0,0,0,0
297,Night and day.,0,0,0,0,0
298,Rotating makes day and night,0,0,0,0,0
299,night and day appearance,0,0,0,0,0
300,Day and night occur.,0,0,0,0,0
301,Day and night occur,0,0,0,0,0
302,night and day,0,0,0,0,0
303,Day and night occur.,0,0,0,0,0
304,Day and night occur,0,0,0,0,0
305,"The Earth's rotation changes the day and night of the world, and so does the moon we see.",0,0,0,0,0
306,Day and night create a time difference,0,0,0,1,0
307,Day and night occur and time difference occur.,0,0,0,1,0
308,Day and night occur and time difference occur,0,0,0,1,0
309,"""There's an earthquake. A day increases by four more hours, and alpine diseases come quickly.""",0,0,0,0,0
310,"""Now I feel alpine sickness at 1500km.""",0,0,0,0,0
311,Day and night change,0,0,0,0,0
312,Day and night change due to Earth's rotation.,0,0,0,0,0
313,The position of the moon changes during the day.,0,0,0,0,0
314,"Once a day, the Earth develops day and night, and the circadian movement of the celestial sphere occurs. And due to the rotation of the sphere, centrifugal force is generated on objects on Earth, and accordingly, the direction and magnitude of gravity at each point on the Earth change according to latitude.",0,0,0,0,0
315,"Night and day occur.Since the Earth goes around, the sun shines in the daytime, the dark side, the dark side, the night, and the white night occurs in the day for a year.",0,0,0,0,0
316,"When you calm down, you get day and night, and there's a time difference.",0,0,0,1,0
317,Every country has morning and night.,0,0,0,0,0
318,the occurrence of day and night,0,0,0,0,0
319,Rotating creates day and night and a time difference.,0,0,0,1,0
320,"When the earth rotates, the earth's day and rice are produced",0,0,0,0,0
321,Day and night occur.,0,0,0,0,0
322,Day and night occur,0,0,0,0,0
323,"Tides and ebb and flow occur, and days and nights occur",0,0,0,0,0
324,"As you rotate, day and night are created, day and night are warm and night are cold",0,0,0,0,0
325,"Four seasons are created, and temperature changes are large.",0,0,1,0,0
326,"When the earth rotates, the moon changes its position.",0,0,0,0,0
327,"the intersection of day and night, the difference between morning and night in the northern and southern hemispheres",0,0,0,0,0
328,Rotating makes day and night,0,0,0,0,0
329,"The sun rises in the east every day, passes through the southern sky, and sets in the west.",0,0,0,0,0
330,Causes day and night.,0,0,0,0,0
331,"Because the earth rotates, the positions of the sun and the moon change, and night and day exist.",0,0,0,0,0
332,I don't know.,0,0,0,0,0
333,M and D,0,0,0,0,0
334,Unknowingness,0,0,0,0,0
335,Time goes by,0,0,0,0,0
336,I don't know.,0,0,0,0,0
337,I don't understand.,0,0,0,0,0
338,I don't understand.,0,0,0,0,0
339,Unknowingness,0,0,0,0,0
340,M and D,0,0,0,0,0
341,I don't know,0,0,0,0,0
342,I don't understand.,0,0,0,0,0
343,Night and day change,0,0,0,0,0
344,Unknowingness,0,0,0,0,0
345,I don't know.,0,0,0,0,0
346,I don't know.,0,0,0,0,0
347,Causes day and night. The sun rises during the day and the moon rises at night.,0,0,0,0,0
348,Gravity,0,0,0,0,0
349,Day and night change and seasons change.,0,0,1,0,0
350,I don't understand.,0,0,0,0,0
351,I don't know.,0,0,0,0,0
352,Unknowingness,0,0,0,0,0
353,Night and day form,0,0,0,0,0
354,Don't know,0,0,0,0,0
355,The Earth's rotation changes the seasons,0,0,1,0,0
356,It creates a magnetic field that protects us from the sun,0,0,0,0,0
357,I don't know,0,0,0,0,0
358,I don't know.,0,0,0,0,0
359,Day and night shifts.,0,0,0,0,0
360,I don't know.,0,0,0,0,0
361,The day and night.,0,0,0,0,0
362,ì§?êµ¬ê? ?ë©´???ìë¹ì´ ì§?êµ¬ì ì²´ì ê³ ë£¨ê³ ë£¨ ë¹ì¶ê²??ë???ë ?ê°?´ìê¸??ë¬¸????³¼ ë°¤ì´ ?ëê²ëê³??????ìë¹ì´ë¹ì¶ê¸??ë¬¸???°ë»?´ì?ê³?ë°¤ì???ìë¹ì´ ë¹ì¹ì§? ?ê¸°?ë¬¸???? ë¹í´ ì¶ìì§?ê²ë??362,0,0,0,0,0
363,?ê°???ë¥¸??363,0,0,0,0,0
364,"Atmospheric general circulation and flow of currents, etc.",0,0,0,0,1
365,"Atmospheric general circulation and the day and night, the earth rotates is classified into three layers of.",0,0,0,0,1
366,"Hadley circulation, the flow of air shall not apply.",0,0,0,0,1
367,ì§?êµ¬ì ?ì ?¼ë¡ ?¼ì´?ë ?í¥?¥ì ?µí´ ?°ë¦¬ ??ê¸°ì???¼ì´?ë ??ê¸????í???¼ì´?ê² ?ê³  ????ê¸????í???µí´???ì¸µ ?í???¼ì´??ì§?êµ¬ì ?ë¬?ë ?´ì?ì???ê· í ?ë ë¶ì°??ê°??¥í´ì§ë¤. And warfare will be able to come the sun's light under the influence of the Earth.,0,0,0,0,0
368,"A day and night. Latitude the wind changed direction and according to the westerlies, trade, Polar easterlies is generated. At this time, rotation due to drag force came up before the wind changed direction.",0,0,0,0,0
369,Day and night continues.,0,0,0,0,0
370,A day and night. According to the latitude due to deflecting force wind direction changes.,0,0,0,0,0
371,"There are atmospheric circulation, seasonal formation, ocean current circulation, etc., and the rotation axis must be tilted to create a season. This is because sometimes the sun shines a lot and sometimes the sun shines a little. Then, there is a difference in solar radiation energy, making many days summer and few days winter. The oceanic cycle is what happens because of the atmospheric circulation. Because ocean currents are caused by the circulation of the atmosphere.",0,0,1,0,1
372,"Day and night occur and the sun, moon, and stars seem to move from east to west (because the rotation rotates from west to east).)",0,0,0,0,0
373,"Rotation creates a turning point on Earth. Therefore, it is not just atmospheric circulation, but it can create three atmospheric circulation cells and also play a role in creating the Earth's magnetic field.",0,0,0,0,1
374,"Because the Earth rotates with its axis tilted, it changes the climate because the forward force acts, causing four seasons and changing atmospheric circulation.",0,0,1,0,1
375,There is a distinction between day and night.,0,0,0,0,0
376,"Day and night occur through the rotation of the earth, and stars, moons, and suns move around.",0,0,0,0,0
377,Day and night are created by the rotation of the earth.,0,0,0,0,0
378,Day and night occur,0,0,0,0,0
379,The seasons change,0,0,1,0,0
380,have night and day,0,0,0,0,0
381,The Earth rotates itself once a day,0,0,0,0,0
382,I don't know,0,0,0,0,0
383,Day and night change,0,0,0,0,0
384,It's spinning,0,0,0,0,0
385,Day and night occur,0,0,0,0,0
386,It's 8??8cm,0,0,0,0,0
387,Day and night occur on Earth,0,0,0,0,0
388,Night and day change,0,0,0,0,0
389,Day and night occur,0,0,0,0,0
390,"When the Earth rotates, there are sun-lit and non-lighted parts, resulting in day and night.",0,0,0,0,0
391,Night and day occur,0,0,0,0,0
392,The shape of the moon changes.,0,0,0,0,0
393,"Because of the Earth's rotation, we know that day and night change every 24 hours and sleep at night",0,0,0,0,0
394,Unknowingness,0,0,0,0,0
395,"The earth revolves alone, so there are mornings and eveningsThere are days and nights",0,0,0,0,0
396,The earth rotates on its axis,0,0,0,0,0
397,I don't know.,0,0,0,0,0
398,Day and night occur as you rotate,0,0,0,0,0
399,The earth turns 360 degrees,0,0,0,0,0
400,"The more you rotate, the more time you have on Earth",0,0,0,0,0
401,Night and day occur,0,0,0,0,0
402,"The chestnut sickle was set, the hashish was made, and the first round was increased to one day",0,0,0,0,0
403,Day and night occur.,0,0,0,0,0
404,The Earth's rotation created day and night and even figured out Newton's law of gravitation.,0,0,0,0,0
405,Day and night occur,0,0,0,0,0
406,Time changes,0,0,0,0,0
407,Night and day.,0,0,0,0,0
408,A day and night.,0,0,0,0,0
409,"The closer or farther the sun is, the more the joint changes",0,0,0,0,0
410,the earth,0,0,0,0,0
411,It becomes night and day,0,0,0,0,0
412,E?á?¦be?ã?ã?ãBbbe?ã?ã?á¦??412,0,0,0,0,0
413,the earth,0,0,0,0,0
414,"Because of the Earth's rotation, we can see sunlight and night",0,0,0,0,0
415,an autobiography,0,0,0,0,0
416,I don't know.,0,0,0,0,0
417,Gravity,0,0,0,0,0
418,.,0,0,0,0,0
419,Seasons change because the sun approaches differently,0,0,0,0,0
420,the decay of grass,0,0,0,0,0
421,"Time! (day, morning, night)",0,0,0,0,0
422,The seasons change,0,0,1,0,0
423,"""The reason why the sun starts to appear from the east and seems to move west is because of the Earth's rotation. In other words, the sun seems to be moving from east to west because the earth rotates from west to east.",0,0,0,0,0
424,The position of the moon seems to move from east to south and west during the day by the Earth's rotation.,0,0,0,0,0
425,"In the case of Orion, which is seen in March, the sun's light is not visible during the bright day, but can be seen in the southern sky in the early evening when the sun disappears, and its location gradually changes over time to the western sky. The position does not change as the moon and stars move, but because the earth rotates, the moon and stars seem to move",0,0,0,0,0
426,"""",0,0,0,0,0
427,The seasons change.,0,0,1,0,0
428,I don't know.,0,0,0,0,0
429,I don't know...;;;;;;;;;;;;;;,0,0,0,0,0
430,Day and night change,0,0,0,0,0
431,"axis of rotation, earth, universe, nature, rotation",0,0,0,0,0
432,Gravity,0,0,0,0,0
433,the sun rises and the moon rises,0,0,0,0,0
434,Let's not interfere when the earth is spinning,0,0,0,0,0
435,Time has passed,0,0,0,0,0
436,.,0,0,0,0,0
437,The sun rises in the east and sets in the west.,0,0,0,0,0
438,"Star Circle Movement, Day and Night Formation",0,0,0,0,0
439,a circular motion of the sun and stars,0,0,0,0,0
440,The sun rises in the east and sets in the west,0,0,0,0,0
441,"Constellations, seasons, and the direction in which the sun and moon rise and set",0,0,1,0,0
442,Day and night occur as the earth rotates.,0,0,0,0,0
443,Day and night change. A circle of stars and the sun...,0,0,0,0,0
444,I don't know,0,0,0,0,0
445,the change of time,0,0,0,0,0
446,I don't know.,0,0,0,0,0
447,"This is because if the Earth rotates, it can receive the sun's light in various directions.",0,0,0,0,0
448,A day and night.,0,0,0,0,0
449,The Earth's rotation cycle is one day,0,0,0,0,0
450,"""- night and day appearance",0,0,0,0,0
451,#NAME?,0,0,0,0,0
452,"- a change in the landscape as a change of seasons""",0,0,1,0,0
453,the phenomenon of the sun setting and the moon rising,0,0,0,0,0
454,Causes day and night.,0,0,0,0,0
455,"It is said that the distance to the moon is getting closer and farther away, closer, and farther away.",0,0,0,0,0
456,Day and night occur.,0,0,0,0,0
457,A day and night.,0,0,0,0,0
458,I don't know.,0,0,0,0,0
459,"The sun rises and the moon rises 24 hours a day, and the earth rotates to the side where the sun is and turns to the side where the moon is (unmoving and spinning)",0,0,0,0,0
460,Night and day.,0,0,0,0,0
461,The sun and the moon rise.,0,0,0,0,0
462,Causes day and night.,0,0,0,0,0
463,day and night change,0,0,0,0,0
464,There are nights and days.,0,0,0,0,0
465,I don't know.,0,0,0,0,0
466,I don't know.,0,0,0,0,0
467,Night has changed,0,0,0,0,0
468,"It turns around the axis of rotation, creating seasons, day and night",0,0,1,0,0
469,.,0,0,0,0,0
470,The day and night.,0,0,0,0,0
471,Daytime and night occur on Earth's rotation. sunrise and sunset,1,0,0,0,0
472,A day and night.,0,0,0,0,0
473,"Day, night, sunrise, and sunset",0,0,0,0,0
474,The stars change,0,0,0,0,0
475,Because the earth spins,0,0,0,0,0
476,I don't know.,0,0,0,0,0
477,have night and day,0,0,0,0,0
478,Causes day and night.,0,0,0,0,0
479,There is a morning and an afternoon.,0,0,0,0,0
480,Day and night appear.,0,0,0,0,0
481,"Day and night take place, the monotone motion of stars",0,0,0,0,0
482,"The earth rotates, creating day and night.",0,0,0,0,0
483,"""",0,0,0,0,0
484,Night and day occur and atmospheric movements occur,0,0,0,0,0
485,I don't know.,0,0,0,0,0
486,I don't know.,0,0,0,0,0
487,the occurrence of day and night,0,0,0,0,0
488,I don't know.,0,0,0,0,0
489,Day and night occur through rotation.,0,0,0,0,0
490,"Day and night occur, and you can see the moon and the sun moving throughout the day.",0,0,0,0,0
491,M and D,0,0,0,0,0
492,None.,0,0,0,0,0
493,Night and day.,0,0,0,0,0
494,I don't know.I didn't know.,0,0,0,0,0
495,Night and day occur,0,0,0,0,0
496,Mornings and nights.,0,0,0,0,0
497,Night and night occur,0,0,0,0,0
498,Day and night occur,0,0,0,0,0
499,"Day and night occur, and there is a difference between the tide.",0,0,0,0,0
500,The wind near the equator is northeast wind,0,0,0,0,0
501,Time goes by on the bicycle,0,0,0,0,0
502,The Earth's magnetic field is generated and protected from cosmic radiation.,0,0,0,0,0
503,I don't know.,0,0,0,0,0
504,I'm not sure,0,0,0,0,0
505,A day and night. There are various winds such as westerlies.,0,0,0,0,0
506,develop a resistance force,0,0,0,0,0
507,.,0,0,0,0,0
508,"The day and night.In other words, the sun and the moon are seen at an intersection.",0,0,0,0,0
509,A day and night.,0,0,0,0,0
510,I don't know.,0,0,0,0,0
511,There is a ebb and flow,0,0,0,0,0
512,"Due to the generation of a forward force, a virtual force is generated in the right direction in the northern hemisphere and in the left direction in the southern hemisphere, and day and night can occur.",0,0,0,0,0
513,A day and night.,0,0,0,0,0
514,"Due to the Earth's rotation, the atmospheric circulation and the surface ocean current cycle are affected and divided into three categories.",0,0,0,0,1
515,It's a change of seasons.,0,0,1,0,0
516,Changes in solar radiation energy received by regions,0,0,0,0,0
517,Night and day form,0,0,0,0,0
518,Day and night are created by the rotation of the earth.,0,0,0,0,0
519,day and night,0,0,0,0,0
520,have night and day,0,0,0,0,0
521,Day and night change with the rotation of the earth.,0,0,0,0,0
522,Magnetic field generation day and night changed,0,0,0,0,0
523,Earth's atmospheric circulation,0,0,0,0,1
524,The rotation of the Earth causes a star-spinning motion.,0,0,0,0,0
525,The Earth's rotation creates night and day.,0,0,0,0,0
526,Four seasons have been created by the bicycle,0,0,1,0,0
527,Night and day form.,0,0,0,0,0
528,Night and day occur,0,0,0,0,0
529,There are days and nights,0,0,0,0,0
530,"The earth rotates, creating day and night",0,0,0,0,0
531,Day and night break.,0,0,0,0,0
532,Bae Ji-hwan (Bae Jihwan,0,0,0,0,0
533,"N, M, n and o",0,0,0,0,0
534,There are 24 hours a day,0,0,0,0,0
535,.,0,0,0,0,0
536,M and D,0,0,0,0,0
537,As,0,0,0,0,0
538,the revolution,0,0,0,0,0
539,The bicycle creates day and night under the four seasons in our country,0,0,1,0,0
540,Various seasons appear.,0,0,1,0,0
541,1,0,0,0,0,0
542,Day and night are created by rotation,0,0,0,0,0
543,1,0,0,0,0,0
544,I don't know.,0,0,0,0,0
545,s56 s6??545,0,0,0,0,0
546,Unknowingness,0,0,0,0,0
547,the season has come,0,0,1,0,0
548,The seasons appear,0,0,1,0,0
549,The seasons change and day and night exist,0,0,1,0,0
550,The sun rises and sets,0,0,0,0,0
551,Unknowingness,0,0,0,0,0
552,I can't remember,0,0,0,0,0
553,a rolling stock,0,0,0,0,0
554,The atmospheric cycle is divided into three parts.,0,0,0,0,0
555,"A day and night.""",0,0,0,0,0
556,The moon is visible and there are days and nights.,0,0,0,0,0
557,"If the Earth rotates, where it receives solar energy and where it doesn't? It changes and creates night and day in a day. Therefore, there is a daily temperature difference in which the temperature is high during the day when solar energy is high and the temperature is lowered at night when it is not.",0,0,0,0,0
558,"The Earth's rotation created day and night, summer and winter, and ebb and flow.",0,0,0,0,0
559,Unknowingness,0,0,0,0,0
560,a change in the relay,0,0,0,0,0
561,"When the earth rotates, day and night are different",0,0,0,0,0
562,"Day and night change, the sun and stars in the sky move,",0,0,0,0,0
563,"The earth rotates based on the axis of rotation, and as night and day are distinguished, our lives differ greatly between day and night.",0,0,0,0,0
564,The seasons change,0,0,1,0,0
565,I don't know.,0,0,0,0,0
566,There are four seasons. The constellations you see vary from season to season,0,0,1,0,0
567,I don't know.,0,0,0,0,0
568,..,0,0,0,0,0
569,the phenomenon of day and night,0,0,0,0,0
570,A day and night.,0,0,0,0,0
571,Day and night occur,0,0,0,0,0
572,"When our country is at night, it is daytime in Europe",0,0,0,0,0
573,I don't know,0,0,0,0,0
574,Day and night occur,0,0,0,0,0
575,I don't know,0,0,0,0,0
576,I don't know.,0,0,0,0,0
577,Four seasons.,0,0,1,0,0
578,There are four seasons.,0,0,1,0,0
579,the creation of night and day on the earth's rotation of the earth,0,0,0,0,0
580,Day and night occur,0,0,0,0,0
581,I'm turning it off,0,0,0,0,0
582,to go round and round in-turn in the east-turn in the east,0,0,0,0,0
583,Earth's autotactic plane moonwalkable,0,0,0,0,0
584,There are days and nights,0,0,0,0,0
585,Day and night occur,0,0,0,0,0
586,The season has changed,0,0,1,0,0
587,Day and night are created by the rotation of the earth.,0,0,0,0,0
588,A day and night.,0,0,0,0,0
589,Day and night occur because of the Earth's rotation,0,0,0,0,0
590,It becomes morning and night,0,0,0,0,0
591,The sun rises. The moon rises.,0,0,0,0,0
592,the circadian motion of the sun,0,0,0,0,0
593,the circadian motion of the sunA day is coming,0,0,0,0,0
594,"""The rotation causes seasonal changes, and the sunlight varies from region to region, resulting in night and day",0,0,1,0,0
595,"""",0,0,0,0,0
596,The season has come,0,0,1,0,0
597,Day breaks overnight and temperature differences appear,0,0,0,0,0
598,Time goes by. Night and day come,0,0,0,0,0
599,"Because of the Earth's rotation, we can cover up day and night. Without Earth's rotation, we would live in an environment that is not suitable for living, of course, the season.",0,0,1,0,0
600,A day and night.,0,0,0,0,0
601,There is a time difference.,0,0,0,1,0
602,"As the earth rotates, the seasons change",0,0,1,0,0
603,the phenomenon of day and night and waves,0,0,0,0,0
604,Night and day occur,0,0,0,0,0
605,Day and night formation,0,0,0,0,0
606,Day and beam,0,0,0,0,0
607,Night and day occur,0,0,0,0,0
608,Wind,0,0,0,0,0
609,Day and night occur,0,0,0,0,0
610,Day and Night Formation,0,0,0,0,0
611,Day and night form.,0,0,0,0,0
612,the occurrence of day and night,0,0,0,0,0
613,Day and night occur,0,0,0,0,0
614,A day and night.,0,0,0,0,0
615,Day and night occur,0,0,0,0,0
616,"In rotation, the earth rotates once in 24 hours, creating day and night.",0,0,0,0,0
617,"A day and night.If one side is day, the other side is night. In short, the time difference",0,0,0,1,0
618,a circular motion,0,0,0,0,0
619,the circadian movement of the sun and moon,0,0,0,0,0
620,Corioli's Forward Power,0,0,0,0,0
621,There are days and nights.,0,0,0,0,0
622,Night and day.,0,0,0,0,0
623,"Fuco pendulum motion, satellite car wash motion, etc",0,0,0,0,0
624,Day and night are caused by the circadian motion of the sun.,0,0,0,0,0
625,The Earth's rotation creates magnetic forces that prevent radioactive materials from the sun.,0,0,0,0,0
626,"Night and day change,",0,0,0,0,0
627,Day and night occur,0,0,0,0,0
628,There is a circular motion of the star.,0,0,0,0,0
629,The earth is actually flat,0,0,0,0,0
630,"""Day and night occur.",0,0,0,0,0
631,There's a difference in the morning and night.,0,0,0,0,0
632,"Life became habitable.""",0,0,0,0,0
633,The rotation of the earth causes a difference in performance and changes in seasons,0,0,1,0,0
634,the occurrence of day and night,0,0,0,0,0
635,"Day and Night Changes, Sun, Star, Moon Circular Movement, Forward Power",0,0,0,0,0
636,It is rotating at a tilt of 23.5 degrees.,0,0,0,0,0
637,I don't know,0,0,0,0,0
638,the rising and setting of the sun,0,0,0,0,0
639,"The rotation changes night and day, creates Corioli's conversion power, and also creates wind according to latitude.",0,0,0,0,0
640,Day and night occur.,0,0,0,0,0
641,"Due to the rotation of the earth, night and day are distinguished.",0,0,0,0,0
642,Familiarity and night arise.,0,0,0,0,0
643,G and O,0,0,0,0,0
644,I don't know.,0,0,0,0,0
645,The sun moves around the earth This is a phenomenon that occurs because the earth rotates.,0,0,0,0,0
646,You can observe the circadian motion of a star.,0,0,0,0,0
647,Day and night exist due to the rotation of the earth,0,0,0,0,0
648,"As the Earth rotates, night and day occur, and the season changes because it is tilted 23.5 degrees.",0,0,1,0,0
649,"Winds such as the western phenomenon, Corioli power, trade winds, westerlies, and ultra-western winds of extreme orbit satellites.",0,0,0,0,0
650,"Earth's rotation causes circadian movements such as the sun, moon, planets, and stars. In addition, due to the difference in rotation speed by latitude due to the Earth's rotation, the atmospheric large circulation has structures such as Hadley circulation, Ferrell circulation, and polar circulation. The gravitational pull toward the center of the Earth and the centrifugal force generated by the Earth's rotation combine to create a difference in gravity by latitude.",0,0,0,0,1
651,There is night and day.,0,0,0,0,0
652,I don't know.,0,0,0,0,0
653,The rotation of the earth changes night and day,0,0,0,0,0
654,"Day and night occur, constellations change in position",0,0,0,0,0
655,"Day and night occur, constellations are different, and seasons are different.",0,0,1,0,0
656,"The sun rises and sets.The time also changes. Also, the season has changed",0,0,1,0,0
657,Day and night change,0,0,0,0,0
658,Gravity,0,0,0,0,0
659,"As the earth rotates, constellations change, and as the moon and sun rotate, day and night occur.",0,0,0,0,0
660,The earth rotates to create a night with others,0,0,0,0,0
661,"Through the rotation of the earth, day and night change or the seasons change. (Climate change)",0,0,1,0,0
662,night and day change,0,0,0,0,0
663,"Night and day change, temperatures change, and seasons change.",0,0,1,0,0
664,The earth continues,0,0,0,0,0
665,Day and night change. There is a time difference.,0,0,0,1,0
666,"As time changes and the earth turns, it changes from face to night.",0,0,0,0,0
667,The world is bright when the sun is visible,0,0,0,0,0
668,"There is the sun in the center and the moon behind it, and when the earth rotates once, day and night are created by the rotation of the earth",0,0,0,0,0
669,The earth rotates and creates a love,0,0,0,0,0
670,The bicycle makes it bright and dark.,0,0,0,0,0
671,a phenomenon in which the sun rises in the east and sets in the west when the sun sets,0,0,0,0,0
672,The seasons change,0,0,1,0,0
673,"As the earth rotates, the time of all Ras is not the same, and the time of each country is different. The sun rises and sets again. As the earth rotates, it becomes dark and bright.",0,0,0,0,0
674,"""And because it rotates, we can observe the motion around the star. The sun and the moon rise and fall because of the bicycle.The reason why solar and lunar eclipses occur is that there is a point where the ecliptic and white dimensions coincide.And it's because the Earth rotates",0,0,0,0,0
675,"""",0,0,0,0,0
676,the occurrence of day and night,0,0,0,0,0
677,Day and night occur,0,0,0,0,0
678,"Because rotation occurs, day and night occur regularly.",0,0,0,0,0
679,"Each time, the amount of sunlight per unit area of each region is different, so the season changes. Various weather events occur.",0,0,1,0,0
680,"Star circadian motion, Sun circadian motion, Day and Night changes",0,0,0,0,0
681,"The rotation of the earth causes the sun and moon to rise and set, distinguishing day from night.",0,0,0,0,0
682,A day and night.,0,0,0,0,0
683,Day and night occur and seasonal changes occur.,0,0,1,0,0
684,"Due to the conversion force generated by the rotation of the earth, the atmospheric circulation in the northern and southern hemispheres is divided into three, resulting in westerlies and seasonal winds. Also, day and night are divided.",0,0,1,0,1
685,Seasonal changes occur because the Earth receives unbalanced solar energy from its rotation. Day and night are created by the rotation of the earth.,0,0,0,0,0
686,"The Earth's axis of rotation tilts 23.5 degrees, creating a turning force. Accordingly, the wind direction of the atmospheric large circulation is determined, and accordingly, the surface ocean current circulation occurs.",0,0,0,0,1
687,"The earth's rotation creates a conversion force, resulting in a large atmospheric circulation.",0,0,0,0,1
688,"Because the Earth's rotation intersects day and night, the Earth's temperature is generally balanced. As the earth rotates, the atmospheric circulation forms a circulating cell of trade winds, westerlies, and Far East winds as it is now.",0,0,0,0,1
689,"Due to the rotation of the earth, the area receiving sunlight changes, resulting in day and night. In addition, atmospheric circulation occurs due to the rotation of the earth, which affects the climate according to each latitude. In addition, the outer core inside the Earth is also moved by the internal heat of the Earth, and substances such as iron and nickel that can be magnetized are magnetized by the magnetic Earth, forming a vanallen zone, blocking harmful spacecraft from the outside.",0,0,0,0,1
690,"Day and night are caused by the rotation of the earth. In addition, stars and stars seen on Earth for a year change.",0,0,0,0,0
691,"As the Earth rotates, day and night occur, the sun moves around, and the star moves around.",0,0,0,0,0
692,"First, there are days and nights. Because the Earth rotates, the surface facing the sun and the surface facing the sun repeatedly change, resulting in day and night.Because the earth rotates slightly twisted, it creates a distinction between night and day, and changes in seasons occur.",0,0,1,0,0
693,"The Earth rotates, but it does not rotate standing upright, but it rotates at an inclination of about 26 degrees. Accordingly, the amount of solar radiation energy received while orbiting the sun varies depending on the latitude, and the season occurs.",0,0,1,0,0
694,"""1. The atmospheric circulation such as westerlies, trade winds, and Far East winds occurs due to the generation of forward forces.""",0,0,0,0,1
695,"2. Day and night occur.""",0,0,0,0,0
696,"Earth's rotation rotates with its axis tilted 23.5 degrees. Jet lag occurs due to rotation, and the temperature varies according to the Earth's",0,0,0,0,0
697,?,0,0,0,0,0
698,Turn around,0,0,0,0,0
699,I don't know.,0,0,0,0,0
700,Time difference,0,0,0,0,0
701,the ebb and flow of the tide,0,0,0,0,0
702,"The earth moves alone, and there is a time difference",0,0,0,1,0
703,a time difference,0,0,0,1,0
704,There's a Far East,0,0,0,0,0
705,Night and day occur,0,0,0,0,0
706,yes,0,0,0,0,0
707,Day and night,0,0,0,0,0
708,The earth's rotation makes up the atmospheric circulation of three circulatory cells.,0,0,0,0,1
709,Day and night occur,0,0,0,0,0
710,Day and night occur,0,0,0,0,0
711,"There's the circadian movement, the formation of a westerly style.",0,0,0,0,0
712,"The sun rises and sets, and the circulation of the atmosphere is divided into three.",0,0,0,0,1
713,Day and night exist.,0,0,0,0,0
714,A day and night.,0,0,0,0,0
715,A day and night.,0,0,0,0,0
716,Day and night change.,0,0,0,0,0
717,There are changes in appearance and night and the circadian movement of the celestial body,0,0,0,0,0
718,Foucault Pendulum Movement,0,0,0,0,0
719,Night and day.,0,0,0,0,0
720,Foucault's pendulum movement takes place.,0,0,0,0,0
721,Day and night occur.,0,0,0,0,0
722,Day and night change.,0,0,0,0,0
723,Well...,0,0,0,0,0
724,A day and night.,0,0,0,0,0
725,Rotating and sunny areas become daytime and vice versa.,0,0,0,0,0
726,Day and night occur,0,0,0,0,0
727,M and D,0,0,0,0,0
728,L.,0,0,0,0,0
729,Mall,0,0,0,0,0
730,I don't understand.,0,0,0,0,0
731,I don't understand.,0,0,0,0,0
732,I don't know.,0,0,0,0,0
733,Unknowingness,0,0,0,0,0
734,M and D,0,0,0,0,0
735,I don't understand.,0,0,0,0,0
736,I don't understand.,0,0,0,0,0
737,I don't understand.,0,0,0,0,0
738,Day and Night Generation,0,0,0,0,0
739,M and D,0,0,0,0,0
740,I don't know.,0,0,0,0,0
741,I don't know,0,0,0,0,0
742,night and day,0,0,0,0,0
743,There are days and nights.,0,0,0,0,0
744,M and D,0,0,0,0,0
745,Unknowingness,0,0,0,0,0
746,It's an idle game,0,0,0,0,0
747,.,0,0,0,0,0
748,I don't understand.,0,0,0,0,0
749,the change of day and night by bicycle,0,0,0,0,0
750,M and D,0,0,0,0,0
751,I don't know.,0,0,0,0,0
752,.,0,0,0,0,0
753,"Sunlight shines evenly as the earth rotates, resulting in nightlife and temperature differences at night and day",0,0,0,0,0
754,have a season,0,0,1,0,0
755,Change of position of the sun Change of position of the moon Change of position of the star,0,0,0,0,0
756,Change of position of the sun Change of position of the moon Change of position of the star,0,0,0,0,0
757,1. Change in the position of the sun 2. Change in the position of the moon 3. Change in the position of the stars,0,0,0,0,0
758,"Repetition of day and night, circadian motion of the celestial body, orbit change of the satellite, and direction change of the reciprocating motion of the Foucault pendulum",0,0,0,0,0
759,"""When the earth rotates, a day passes by",0,0,0,0,0
760,"The earth goes around once.""",0,0,0,0,0
761,"""If the earth is spinning itself along its axis,",0,0,0,0,0
762,Day and night occur,0,0,0,0,0
763,"""",0,0,0,0,0
764,"""The reason why the sun starts to appear from the east and seems to move west is because of the Earth's rotation. In other words, the sun seems to be moving from east to west because the earth rotates from west to east.",0,0,0,0,0
765,,0,0,0,0,0
766,The position of the moon seems to move from east to south and west during the day by the Earth's rotation.,0,0,0,0,0
767,,0,0,0,0,0
768,"In the case of Orion, which is seen in March, the sun's light is not visible during the bright day, but can be seen in the southern sky in the early evening when the sun disappears, and its location gradually changes over time to the western sky. The position does not change as the moon and stars move, but because the earth rotates, the moon and stars seem to move.""",0,0,0,0,0
769,"Night and day occur, and the position of the sun, the position of the moon, and the position of the star change.",0,0,0,0,0
770,"The reason why the sun starts to appear from the east and seems to move west is because of the Earth's rotation. In other words, the sun seems to be moving from east to west because the earth rotates from west to east.",0,0,0,0,0
771,"As the Earth rotates, it becomes day when it receives sunlight and night when it does not.",0,0,0,0,0
772,"The sun rises in the east every day, passes through the southern sky, and sets in the west.",0,0,0,0,0
773,"The stars do apparent exercises that go around once every day. """,0,0,0,0,0
774,1. Change in the position of the sun 2. Change in the position of the moon 3. Change in the position of the stars,0,0,0,0,0
775,"The reason why the sun starts to appear from the east and seems to move west is because of the Earth's rotation. In other words, the sun seems to be moving from east to west because the earth rotates from west to east.",0,0,0,0,0
776,"The sun, moon, and stars disappear from east to west, and the stars and moon seem to be moving because of the rotation",0,0,0,0,0
777,Night and day repeat,0,0,0,0,0
778,"""As the earth rotates, there is a night and day, and there is a difference in temperature and time",0,0,0,0,0
779,"And each country has a different time of night and face, temperature and time and time difference",0,0,0,1,0
780,"The circadian motion of stars occurs day and night, and the Earth is an ellipsoid with a convex equator and the purification of the atmosphere. There is also a magnetic field on Earth.",0,0,0,0,0
781,"The earth rotates and rotates from west to east with its rotation axis inclined 66.5Â° to the orbital plane. Earth's rotation is a phenomenon in which the Earth rotates once a day around its axis of rotation, and its rotation speed is about 15Â° per hour.",0,0,0,0,0
782,"""Day and night occur.",0,0,0,0,0
783,"The circadian motion of the celestial body (sun, moon, and star) occurs.",0,0,0,0,0
784,A forward force is created (a hypothetical force by the Earth's rotation that causes the motion of an object to bend to the right in the Northern Hemisphere),0,0,0,0,0
785,The equatorial side of the Earth is larger than the polar radius (because of centrifugal force),0,0,0,0,0
786,"""The reason why the sun starts to appear from the east and seems to move west is because of the Earth's rotation. In other words, the sun seems to be moving from east to west because the earth rotates from west to east.",0,0,0,0,0
787,The position of the moon seems to move from east to south and west during the day by the Earth's rotation.,0,0,0,0,0
788,"In the case of Orion, which is seen in March, the sun's light is not visible during the bright day, but can be seen in the southern sky in the early evening when the sun disappears, and its location gradually changes over time to the western sky. The position does not change as the moon and stars move, but because the earth rotates, the moon and stars seem to move.",0,0,0,0,0
789,,0,0,0,0,0
790,"""",0,0,0,0,0
791,1. Change in the position of the sun 2. Change in the position of the moon 3. Change in the position of the starsThere is a change of day and night.,0,0,0,0,0
792,"""1. Four Seasons""",0,0,0,0,0
793,"2. Black and white night phenomenon""",0,0,0,0,0
794,Night and day happen in a day.,0,0,0,0,0
795,The day and night.,0,0,0,0,0
796,the change of day and night,0,0,0,0,0
797,"Day and night, the circadian movement of stars",0,0,0,0,0
798,"As the earth rotates, the sun rises and sets, there is a ebb and flow of tide, and four seasons are created.",0,0,1,0,0
799,"Day and night exist in the rotation of the earth. Also, the circadian motion of the star appears.",0,0,0,0,0
800,Day and night are distinguished by the Earth's rotation because of the time of receiving sunlight and the time of not receiving sunlight.,0,0,0,0,0
801,Night and day.,0,0,0,0,0
802,The day and night.,0,0,0,0,0
803,The day and night.,0,0,0,0,0
804,There is a change of day and night.,0,0,0,0,0
805,"When the Earth rotates, it goes around once for about a day, which leads to day and night.",0,0,0,0,0
806,"Corioligim, the inertial force caused by the Earth's rotation, can be easily observed as water descends through the drain. In addition, when analyzing convection phenomena, a force is applied in a vertical direction in the direction of progress, which is also coriolis force.",0,0,0,0,0
807,"The sun and stars appear to rise and set as the earth rotates.""",0,0,0,0,0
808,A day and night.,0,0,0,0,0
809,A day and night.,0,0,0,0,0
810,"the rising and setting of the sun, the westerly winds of the northern hemisphere",0,0,0,0,0
811,Night and day.,0,0,0,0,0
812,Day and night are caused by the rotation of the earth.,0,0,0,0,0
813,Day and night are distinguished.,0,0,0,0,0
814,Day and night occurrence during the day due to the Earth's rotation.,0,0,0,0,0
815,Unknowingness,0,0,0,0,0
816,Day and night occur and forward power occurs.,0,0,0,0,0
817,The Earth's rotation causes night and day.,0,0,0,0,0
818,Unknowingness,0,0,0,0,0
819,"Because the Earth rotates, day and night occur due to the difference between the side facing the sun and the other side facing the sun. In addition, due to the rotation of the Earth, large air convection from the equator to the poles receives a forward force and divides directions, resulting in westerlies and trade winds.",0,0,0,0,0
820,"Night and night occur (exceptions, of course)",0,0,0,0,0
821,Unknowingness,0,0,0,0,0
822,I don't know,0,0,0,0,0
823,Day and night are created by the rotation of the earth. And then you have Coriholipos.,0,0,0,0,0
824,a daily temperature difference,0,0,0,0,0
825,"The earth rotates and becomes an acceleration coordinate system, which creates various inertial forces. Assuming that angular velocity is constant, the inertial force produces coriolis and centripetal force, the former prevents the bullet we shoot straight from going straight, the latter makes us feel less gravity than the actual gravity, and the equator is slightly protruding. And by rotating, the metal part of the outer core will rotate, which will help to form a magnetic field.",0,0,0,0,0
826,By rotation the sun rises in the east and sets in the west.,0,0,0,0,0
827,Ebb and flood tide,0,0,0,0,0
828,Unknowingness,0,0,0,0,0
829,Coriolis ' force day and night. The wind currents.,0,0,0,0,0
830,Will have a day and night.,0,0,0,0,0
831,"Day and night is generated. Tilted 23.5 degrees that revolved around its rotation, during which they a area causes day, looking at the sun at noon. On the contrary, 22 remain far from the sun at night if you get.",0,0,0,0,0
832,"A day and night due to the rotation of the earth. Coriolis ' force, which result from the virtual power in the rotation of the earth, atmospheric circulation is complex due to happen. As a result, various orientation, windy and it is of the nature and currents affecting the overall energy circulation is of the Earth.",0,0,0,0,1
833,Divide into day and night as the rotation.,0,0,0,0,0
834,Evaluation Only. Created with Aspose.Cells for Python via Java.Copyright 2003 - 2022 Aspose Pty Ltd.,0,0,0,0,0
835,,0,0,0,0,0
836,,0,0,0,0,0
837,,0,0,0,0,0
838,,0,0,0,0,0
839,,0,0,0,0,0
840,,0,0,0,0,0
841,,0,0,0,0,0
842,,0,0,0,0,0
843,,0,0,0,0,0
844,,0,0,0,0,0
845,,0,0,0,0,0
846,,0,0,0,0,0
847,,0,0,0,0,0
848,,0,0,0,0,0
849,,0,0,0,0,0
850,,0,0,0,0,0
851,,0,0,0,0,0
852,,0,0,0,0,0
853,,0,0,0,0,0
854,,0,0,0,0,0
855,,0,0,0,0,0
856,,0,0,0,0,0
857,,0,0,0,0,0
858,,0,0,0,0,0
859,,0,0,0,0,0
860,,0,0,0,0,0
861,,0,0,0,0,0
862,,0,0,0,0,0
863,,0,0,0,0,0
864,,0,0,0,0,0
865,,0,0,0,0,0
866,,0,0,0,0,0
867,,0,0,0,0,0
868,,0,0,0,0,0
869,,0,0,0,0,0
870,,0,0,0,0,0
871,,0,0,0,0,0
872,,0,0,0,0,0
873,,0,0,0,0,0
874,,0,0,0,0,0
875,,0,0,0,0,0
876,,0,0,0,0,0
877,,0,0,0,0,0
878,,0,0,0,0,0
879,,0,0,0,0,0
880,,0,0,0,0,0
881,,0,0,0,0,0
882,,0,0,0,0,0
883,,0,0,0,0,0
884,,0,0,0,0,0
885,,0,0,0,0,0
886,,0,0,0,0,0
887,,0,0,0,0,0
888,,0,0,0,0,0
