Column1,word,type,v1,v2,v3,유의어,v4,v5,반의어,v6,동의어
0,absorbed,VBN,~에 몰두한[빠져 있는],~에 몰두한[빠져 있는],~에 몰두한[빠져 있는],,~에 몰두한[빠져 있는],~에 몰두한,disenthralled,~에 몰두한,consumed
1,abstracted,VBN,"[격식]  (…에) 마음이 쏠린, 정신이 딴 데 팔린  ","  (…에) 마음이 쏠린, 정신이 딴 데 팔린  ","  (…에) 마음이 쏠린, 정신이 딴 데 팔린  ",,"  (…에) 마음이 쏠린, 정신이 딴 데 팔린  "," 마음이 쏠린, 정신이 딴 데 팔린",," 마음이 쏠린, 정신이 딴 데 팔린",preoccupied
2,abstricted,VBN,"[격식]  (…에) 마음이 쏠린, 정신이 딴 데 팔린  ","  (…에) 마음이 쏠린, 정신이 딴 데 팔린  ","  (…에) 마음이 쏠린, 정신이 딴 데 팔린  ",,"  (…에) 마음이 쏠린, 정신이 딴 데 팔린  "," 마음이 쏠린, 정신이 딴 데 팔린",," 마음이 쏠린, 정신이 딴 데 팔린",NaN
3,accidented,VBN,"[지질]  울퉁불퉁한, 기복이 있는(opp. even 1)  ","  울퉁불퉁한, 기복이 있는(opp","  울퉁불퉁한, 기복이 있는(opp",,"  울퉁불퉁한, 기복이 있는(opp","울퉁불퉁한, 기복이 있는(opp",,"울퉁불퉁한, 기복이 있는(opp",NaN
4,accomplished,VBN,"  기량이 뛰어난, 재주가 많은  ","기량이 뛰어난, 재주가 많은  ","기량이 뛰어난, 재주가 많은  ",,"기량이 뛰어난, 재주가 많은  ","기량이 뛰어난, 재주가 많은",incapable,"기량이 뛰어난, 재주가 많은",consummate
5,acetated,VBN,아세트산으로 처리한,아세트산으로 처리한,아세트산으로 처리한,,아세트산으로 처리한,아세트산으로 처리한,,아세트산으로 처리한,NaN
6,addleheaded,VBN,(=addlebrained),(=addlebrained),(=addlebrained),,(=addlebrained),,,,addle-pated
7,aforenamed,VBN,"[문어]  앞서 게재한, 전술의.  ","  앞서 게재한, 전술의","  앞서 게재한, 전술의",,"  앞서 게재한, 전술의","앞서 게재한, 전술의",,"앞서 게재한, 전술의",NaN
8,aisled,VBN,측랑이 있는,측랑이 있는,측랑이 있는,,측랑이 있는,측랑이 있는,,측랑이 있는,NaN
9,assented,VBN,[격식]  찬성하다,  찬성하다,  찬성하다,,  찬성하다,찬성하다,denial,찬성하다,acquiescence
10,assumed,VBN,(사실로 또는 존재하는 것으로) 추정[상정]되는,(사실로 또는 존재하는 것으로) 추정[상정]되는,(사실로 또는 존재하는 것으로) 추정[상정]되는,,(사실로 또는 존재하는 것으로) 추정[상정]되는, 추정되는,real, 추정되는,counterfeit
11,augmented,VBN,"  증가된, [음악] 증음된  ","증가된, [음악] 증음된  ","증가된, [음악] 증음된  ",,"증가된, [음악] 증음된  ","증가된,  증음된",contracted,"증가된,  증음된",extended
12,balconied,VBN,발코니가 있는,발코니가 있는,발코니가 있는,,발코니가 있는,발코니가 있는,,발코니가 있는,NaN
13,barenecked,VBN,목을 드러낸,목을 드러낸,목을 드러낸,,목을 드러낸,목을 드러낸,,목을 드러낸,NaN
14,beached,VBN,바닷가[해변]로 오다[가져오다],바닷가[해변]로 오다[가져오다],바닷가[해변]로 오다[가져오다],,바닷가[해변]로 오다[가져오다],바닷가,,바닷가,deserted
15,bedded,VBN,[지질]  층상(層狀)의,  층상(層狀)의,  층상(層狀)의,,  층상(層狀)의,층상의,destroy,층상의,embed
16,bemedalled,VBN,훈장[메달]을 단.,훈장[메달]을 단.,훈장[메달]을 단.,,훈장[메달]을 단.,훈장을 단.,,훈장을 단.,NaN
17,beribboned,VBN,"  리본으로 장식한, 훈장을 단  ","리본으로 장식한, 훈장을 단  ","리본으로 장식한, 훈장을 단  ",,"리본으로 장식한, 훈장을 단  ","리본으로 장식한, 훈장을 단",disfigure,"리본으로 장식한, 훈장을 단",dress
18,beset,VBN,[격식]  괴롭히다,  괴롭히다,  괴롭히다,,  괴롭히다,괴롭히다,clear up,괴롭히다,beleaguer
19,bewired,VBN,be wired,be wired,be wired,,be wired,be wired,relax,be wired,jiggle
20,blighted,VBN,"  망치다, 엉망으로 만들다      2.    [명사]  (곡식의) 병충해      3.    [명사]  어두운 그림자(를 드리우는 것)  ",Longer,Longer,,Longer,Longer,cheerful,Longer,chilly
21,born,VBN,"  타고난, 천부적인  ","타고난, 천부적인  ","타고난, 천부적인  ",,"타고난, 천부적인  ","타고난, 천부적인",,"타고난, 천부적인",essential
22,bosselated,VBN,"[의학]  돌기가 많은, 우둘투둘한  ","  돌기가 많은, 우둘투둘한  ","  돌기가 많은, 우둘투둘한  ",,"  돌기가 많은, 우둘투둘한  ","돌기가 많은, 우둘투둘한",,"돌기가 많은, 우둘투둘한",NaN
23,bountied,VBN,"  장려금을 받은, 장려금이 나오는  ","장려금을 받은, 장려금이 나오는  ","장려금을 받은, 장려금이 나오는  ",,"장려금을 받은, 장려금이 나오는  ","장려금을 받은, 장려금이 나오는",,"장려금을 받은, 장려금이 나오는",NaN
24,braceleted,VBN,팔찌를 낀,팔찌를 낀,팔찌를 낀,,팔찌를 낀,팔찌를 낀,,팔찌를 낀,NaN
25,brokenhearted,VBN,"  비탄에 잠긴, 단장(斷腸)의, 상심한, 실연한  ","비탄에 잠긴, 단장(斷腸)의, 상심한, 실연한  ","비탄에 잠긴, 단장(斷腸)의, 상심한, 실연한  ",,"비탄에 잠긴, 단장(斷腸)의, 상심한, 실연한  ","비탄에 잠긴, 단장의, 상심한, 실연한",lighthearted,"비탄에 잠긴, 단장의, 상심한, 실연한",crushed
26,bullated,VBN,"  불릿 기호가 붙어 있는, 불릿 기호가 붙은 항목의  ","불릿 기호가 붙어 있는, 불릿 기호가 붙은 항목의  ","불릿 기호가 붙어 있는, 불릿 기호가 붙은 항목의  ",,"불릿 기호가 붙어 있는, 불릿 기호가 붙은 항목의  ","불릿 기호가 붙어 있는, 불릿 기호가 붙은 항목의",,"불릿 기호가 붙어 있는, 불릿 기호가 붙은 항목의",NaN
27,bulleted,VBN,"  불릿 기호가 붙어 있는, 불릿 기호가 붙은 항목의  ","불릿 기호가 붙어 있는, 불릿 기호가 붙은 항목의  ","불릿 기호가 붙어 있는, 불릿 기호가 붙은 항목의  ",,"불릿 기호가 붙어 있는, 불릿 기호가 붙은 항목의  ","불릿 기호가 붙어 있는, 불릿 기호가 붙은 항목의",slow,"불릿 기호가 붙어 있는, 불릿 기호가 붙은 항목의",dash
28,calved,VBN,새끼를 낳다,새끼를 낳다,새끼를 낳다,,새끼를 낳다,새끼를 낳다,,새끼를 낳다,NaN
29,canaliculated,VBN,"[植]  (종려나무 잎자루처럼) 세로홈이 있는, 홈통 모양의  ","  (종려나무 잎자루처럼) 세로홈이 있는, 홈통 모양의  ","  (종려나무 잎자루처럼) 세로홈이 있는, 홈통 모양의  ",,"  (종려나무 잎자루처럼) 세로홈이 있는, 홈통 모양의  "," 세로홈이 있는, 홈통 모양의",," 세로홈이 있는, 홈통 모양의",NaN
30,candied,VBN,설탕에 조린,설탕에 조린,설탕에 조린,,설탕에 조린,설탕에 조린,,설탕에 조린,flattering
31,carven,VBN,[시]  조각한(carved).,  조각한(carved),  조각한(carved),,  조각한(carved),조각한,,조각한,engraved
32,castellated,VBN,[건축]  성곽 양식의,  성곽 양식의,  성곽 양식의,,  성곽 양식의,성곽 양식의,,성곽 양식의,NaN
33,caudated,VBN,"  꼬리가 있는, 꼬리 모양의 부속 기관을 가진  ","꼬리가 있는, 꼬리 모양의 부속 기관을 가진  ","꼬리가 있는, 꼬리 모양의 부속 기관을 가진  ",,"꼬리가 있는, 꼬리 모양의 부속 기관을 가진  ","꼬리가 있는, 꼬리 모양의 부속 기관을 가진",,"꼬리가 있는, 꼬리 모양의 부속 기관을 가진",NaN
34,cellulated,VBN,세포 모양의.,세포 모양의.,세포 모양의.,,세포 모양의.,세포 모양의.,,세포 모양의.,NaN
35,chapleted,VBN,화관을 쓴,화관을 쓴,화관을 쓴,,화관을 쓴,화관을 쓴,,화관을 쓴,NaN
36,chickenbreasted,VBN,새가슴의,새가슴의,새가슴의,,새가슴의,새가슴의,,새가슴의,NaN
37,citified,VBN,[보통 못마땅함]  도시풍의,  도시풍의,  도시풍의,,  도시풍의,도시풍의,,도시풍의,civic
38,clipped,VBN,딱 부러지는,딱 부러지는,딱 부러지는,,딱 부러지는,딱 부러지는,kind,딱 부러지는,concise
39,closefisted,VBN,"[속어]  구두쇠의, 인색한  ","  구두쇠의, 인색한  ","  구두쇠의, 인색한  ",,"  구두쇠의, 인색한  ","구두쇠의, 인색한",,"구두쇠의, 인색한",miserly
40,closemouthed,VBN,"  말이 없는, 속을 터놓지 않는  ","말이 없는, 속을 터놓지 않는  ","말이 없는, 속을 터놓지 않는  ",,"말이 없는, 속을 터놓지 않는  ","말이 없는, 속을 터놓지 않는",open,"말이 없는, 속을 터놓지 않는",clammed up
41,clubfooted,VBN,만곡족을 가진.,만곡족을 가진.,만곡족을 가진.,,만곡족을 가진.,만곡족을 가진.,,만곡족을 가진.,NaN
42,constrained,VBN,"[격식]  부자연스러운, 강요된  ","  부자연스러운, 강요된  ","  부자연스러운, 강요된  ",,"  부자연스러운, 강요된  ","부자연스러운, 강요된",,"부자연스러운, 강요된",embarrassed
43,constricted,VBN,Her throat felt dry and constricted.      그녀는 목이 건조하고 조이는 느낌이었다.,Longer,Longer,,Longer,Longer,free,Longer,definite
44,contented,VBN,"  (특히 자기 삶에) 만족[자족]해 하는 (→content 2 (xp) adj.(/xp)), (↔discontented)  ",Longer,Longer,,Longer,Longer,unfulfilled,Longer,fulfilled
45,continued,VBN,지속적인,지속적인,지속적인,,지속적인,지속적인,discontinuous,지속적인,extended
46,copped,VBN,"[비격식]  겪다, 당하다      3.    ","  겪다, 당하다      3","  겪다, 당하다      3",,"  겪다, 당하다      3","겪다, 당하다 3",let go,"겪다, 당하다 3",capture
47,corrugated,VBN,"  물결 모양의, 골이 진  ","물결 모양의, 골이 진  ","물결 모양의, 골이 진  ",,"물결 모양의, 골이 진  ","물결 모양의, 골이 진",smooth,"물결 모양의, 골이 진",channelled
48,craven,VBN,"[격식 못마땅함]  용기 없는, 비겁한 (=cowardly), (↔brave)  ","  용기 없는, 비겁한 (=cowardly), (↔brave)  ","  용기 없는, 비겁한 (=cowardly), (↔brave)  ",,"  용기 없는, 비겁한 (=cowardly), (↔brave)  ","용기 없는, 비겁한 ",brave,"용기 없는, 비겁한 ",chicken
49,crestfallen,VBN,"  풀이 죽은, 의기소침한  ","풀이 죽은, 의기소침한  ","풀이 죽은, 의기소침한  ",,"풀이 죽은, 의기소침한  ","풀이 죽은, 의기소침한",encouraged,"풀이 죽은, 의기소침한",despondent
50,crosslighted,VBN,교차 광선이 있는.,교차 광선이 있는.,교차 광선이 있는.,,교차 광선이 있는.,교차 광선이 있는.,,교차 광선이 있는.,NaN
51,crusted,VBN,딱딱한 껍질[뚜껑]이 있는,딱딱한 껍질[뚜껑]이 있는,딱딱한 껍질[뚜껑]이 있는,,딱딱한 껍질[뚜껑]이 있는,딱딱한 껍질이 있는,reveal,딱딱한 껍질이 있는,glaze
52,cubited,VBN,"  완척의, 팔꿈치의  ","완척의, 팔꿈치의  ","완척의, 팔꿈치의  ",,"완척의, 팔꿈치의  ","완척의, 팔꿈치의",,"완척의, 팔꿈치의",NaN
53,debauched,VBN,"  방탕한 (=depraved, dissolute)  ","방탕한 (=depraved, dissolute)  ","방탕한 (=depraved, dissolute)  ",,"방탕한 (=depraved, dissolute)  ",방탕한 ,decent,방탕한 ,corrupt
54,declared,VBN,공표[선언]한 (=professed),공표[선언]한 (=professed),공표[선언]한 (=professed),,공표[선언]한 (=professed),공표한 ,,공표한 ,stated
55,decried,VBN,[격식]  매도하다 (=condemn),  매도하다 (=condemn),  매도하다 (=condemn),,  매도하다 (=condemn),매도하다 ,praise,매도하다 ,condemn
56,deferred,VBN,"  연기된, 거치(据置)한, 징병 유예중인  ","연기된, 거치(据置)한, 징병 유예중인  ","연기된, 거치(据置)한, 징병 유예중인  ",,"연기된, 거치(据置)한, 징병 유예중인  ","연기된, 거치한, 징병 유예중인",forwarded,"연기된, 거치한, 징병 유예중인",negotiated
57,defoliated,VBN,"[전문 용어]  (나무·삼림을) 고사시키다, 고엽제를 쓰다  ","  (나무·삼림을) 고사시키다, 고엽제를 쓰다  ","  (나무·삼림을) 고사시키다, 고엽제를 쓰다  ",,"  (나무·삼림을) 고사시키다, 고엽제를 쓰다  "," 고사시키다, 고엽제를 쓰다",," 고사시키다, 고엽제를 쓰다",NaN
58,demoded,VBN,(=D?MOD?),(=D?MOD?),(=D?MOD?),,(=D?MOD?),,fresh,,antique
59,dentilated,VBN,[건축]  치상(齒狀)(구조)의.,  치상(齒狀)(구조)의,  치상(齒狀)(구조)의,,  치상(齒狀)(구조)의,치상의,,치상의,NaN
60,deplumated,VBN,깃털이 뽑힌[빠진]. (또는 deplumated),깃털이 뽑힌[빠진]. (또는 deplumated),깃털이 뽑힌[빠진]. (또는 deplumated),,깃털이 뽑힌[빠진]. (또는 deplumated),깃털이 뽑힌. ,,깃털이 뽑힌. ,NaN
61,deranged,VBN,"  (특히 정신병으로 인해 행동과 사고가) 정상이 아닌, 미친  ","(특히 정신병으로 인해 행동과 사고가) 정상이 아닌, 미친  ","(특히 정신병으로 인해 행동과 사고가) 정상이 아닌, 미친  ",,"(특히 정신병으로 인해 행동과 사고가) 정상이 아닌, 미친  "," 정상이 아닌, 미친",rational," 정상이 아닌, 미친",demented
62,derived,VBN,"  유래된, 파생된  ","유래된, 파생된  ","유래된, 파생된  ",,"유래된, 파생된  ","유래된, 파생된",,"유래된, 파생된",copied
63,detailed,VBN,상세한,상세한,상세한,,상세한,상세한,false,상세한,complicated
64,devoted,VBN,헌신적인,헌신적인,헌신적인,,헌신적인,헌신적인,dishonest,헌신적인,caring
65,directed,VBN,"  유도된, 지시받은, 규제된  ","유도된, 지시받은, 규제된  ","유도된, 지시받은, 규제된  ",,"유도된, 지시받은, 규제된  ","유도된, 지시받은, 규제된",vagrant,"유도된, 지시받은, 규제된",aimed
66,dirten,VBN,"  더럽게 만들다, 흙을 묻히다  ","더럽게 만들다, 흙을 묻히다  ","더럽게 만들다, 흙을 묻히다  ",,"더럽게 만들다, 흙을 묻히다  ","더럽게 만들다, 흙을 묻히다",,"더럽게 만들다, 흙을 묻히다",NaN
67,disgusted,VBN,"  혐오감을 느끼는, 넌더리를 내는, 역겨워 하는  ","혐오감을 느끼는, 넌더리를 내는, 역겨워 하는  ","혐오감을 느끼는, 넌더리를 내는, 역겨워 하는  ",,"혐오감을 느끼는, 넌더리를 내는, 역겨워 하는  ","혐오감을 느끼는, 넌더리를 내는, 역겨워 하는",fresh,"혐오감을 느끼는, 넌더리를 내는, 역겨워 하는",outraged
68,disrelated,VBN,"  무관한, 관련이 없는  ","무관한, 관련이 없는  ","무관한, 관련이 없는  ",,"무관한, 관련이 없는  ","무관한, 관련이 없는",,"무관한, 관련이 없는",NaN
69,distilled,VBN,"  증류한, 증류하여 얻은  ","증류한, 증류하여 얻은  ","증류한, 증류하여 얻은  ",,"증류한, 증류하여 얻은  ","증류한, 증류하여 얻은",,"증류한, 증류하여 얻은",inebriant
70,doghearted,VBN,잔혹한.,잔혹한.,잔혹한.,,잔혹한.,잔혹한.,,잔혹한.,NaN
71,downhearted,VBN,낙담한,낙담한,낙담한,,낙담한,낙담한,happy,낙담한,chapfallen
72,eaved,VBN,(건축물에) 처마가 있는.,(건축물에) 처마가 있는.,(건축물에) 처마가 있는.,,(건축물에) 처마가 있는., 처마가 있는.,, 처마가 있는.,NaN
73,enlightened,VBN,"[호감]  깨우친, 계몽된, 개화된  ","  깨우친, 계몽된, 개화된  ","  깨우친, 계몽된, 개화된  ",,"  깨우친, 계몽된, 개화된  ","깨우친, 계몽된, 개화된",stupid,"깨우친, 계몽된, 개화된",knowledgeable
74,fainthearted,VBN,"  소심한, 용기 없는, 겁많은, 뱃심 없는  ","소심한, 용기 없는, 겁많은, 뱃심 없는  ","소심한, 용기 없는, 겁많은, 뱃심 없는  ",,"소심한, 용기 없는, 겁많은, 뱃심 없는  ","소심한, 용기 없는, 겁많은, 뱃심 없는",,"소심한, 용기 없는, 겁많은, 뱃심 없는",cowardly
75,falsehearted,VBN,"  성실하지 않은, 신의가 없는  ","성실하지 않은, 신의가 없는  ","성실하지 않은, 신의가 없는  ",,"성실하지 않은, 신의가 없는  ","성실하지 않은, 신의가 없는",reliable,"성실하지 않은, 신의가 없는",tricky
76,feared,VBN,"[방언]  무서워하는, 두려워하는.  ","  무서워하는, 두려워하는","  무서워하는, 두려워하는",,"  무서워하는, 두려워하는","무서워하는, 두려워하는",,"무서워하는, 두려워하는",redoubtable
77,feathered,VBN,"  깃털이 있는, 깃털로 덮인  ","깃털이 있는, 깃털로 덮인  ","깃털이 있는, 깃털로 덮인  ",,"깃털이 있는, 깃털로 덮인  ","깃털이 있는, 깃털로 덮인",,"깃털이 있는, 깃털로 덮인",downy
78,featheredged,VBN,가장자리를 얇게 깎은,가장자리를 얇게 깎은,가장자리를 얇게 깎은,,가장자리를 얇게 깎은,가장자리를 얇게 깎은,,가장자리를 얇게 깎은,NaN
79,fibrillated,VBN,소섬유가 있는,소섬유가 있는,소섬유가 있는,,소섬유가 있는,소섬유가 있는,,소섬유가 있는,NaN
80,filled,VBN,"  (내용물이) 가득 찬, 가득 든.  ","(내용물이) 가득 찬, 가득 든.  ","(내용물이) 가득 찬, 가득 든.  ",,"(내용물이) 가득 찬, 가득 든.  "," 가득 찬, 가득 든.",needy," 가득 찬, 가득 든.",full
81,fluted,VBN,세로로 홈이 새겨진,세로로 홈이 새겨진,세로로 홈이 새겨진,,세로로 홈이 새겨진,세로로 홈이 새겨진,smooth,세로로 홈이 새겨진,channelled
82,foraminated,VBN,(작은) 구멍이 있는,(작은) 구멍이 있는,(작은) 구멍이 있는,,(작은) 구멍이 있는, 구멍이 있는,, 구멍이 있는,NaN
83,forcipated,VBN,핀셋 모양의,핀셋 모양의,핀셋 모양의,,핀셋 모양의,핀셋 모양의,,핀셋 모양의,NaN
84,forecited,VBN,"  앞서 인용한, 전기(前記)의  ","앞서 인용한, 전기(前記)의  ","앞서 인용한, 전기(前記)의  ",,"앞서 인용한, 전기(前記)의  ","앞서 인용한, 전기의",,"앞서 인용한, 전기의",NaN
85,forementioned,VBN,"  앞에서 말한, 전술(前述)한.  ","앞에서 말한, 전술(前述)한.  ","앞에서 말한, 전술(前述)한.  ",,"앞에서 말한, 전술(前述)한.  ","앞에서 말한, 전술한.",,"앞에서 말한, 전술한.",NaN
86,forepassed,VBN,"  과거의, 옛날의  ","과거의, 옛날의  ","과거의, 옛날의  ",,"과거의, 옛날의  ","과거의, 옛날의",,"과거의, 옛날의",NaN
87,forged,VBN,(쇠를) 단조[주조]한,(쇠를) 단조[주조]한,(쇠를) 단조[주조]한,,(쇠를) 단조[주조]한, 단조한,, 단조한,spurious
88,fornicated,VBN,[격식 못마땅함]  간통하다,  간통하다,  간통하다,,  간통하다,간통하다,,간통하다,be promiscuous
89,forsaken,VBN,"  버림받은, 고독한  ","버림받은, 고독한  ","버림받은, 고독한  ",,"버림받은, 고독한  ","버림받은, 고독한",cherished,"버림받은, 고독한",desolate
90,forthright,VBN,솔직 담백한 (=frank),솔직 담백한 (=frank),솔직 담백한 (=frank),,솔직 담백한 (=frank),솔직 담백한 ,tricky,솔직 담백한 ,candid
91,foulmouthed,VBN,"  입버릇이 상스러운, 상스러운 말을 많이 하는  ","입버릇이 상스러운, 상스러운 말을 많이 하는  ","입버릇이 상스러운, 상스러운 말을 많이 하는  ",,"입버릇이 상스러운, 상스러운 말을 많이 하는  ","입버릇이 상스러운, 상스러운 말을 많이 하는",,"입버릇이 상스러운, 상스러운 말을 많이 하는",indecent
92,foveated,VBN,[해부]  와(窩)(foveae)가 있는.,  와(窩)(foveae)가 있는,  와(窩)(foveae)가 있는,,  와(窩)(foveae)가 있는,와가 있는,,와가 있는,NaN
93,freehearted,VBN,"  쾌활한, 자발적인, 솔직한  ","쾌활한, 자발적인, 솔직한  ","쾌활한, 자발적인, 솔직한  ",,"쾌활한, 자발적인, 솔직한  ","쾌활한, 자발적인, 솔직한",,"쾌활한, 자발적인, 솔직한",NaN
94,frightened,VBN,"  겁먹은, 무서워하는  ","겁먹은, 무서워하는  ","겁먹은, 무서워하는  ",,"겁먹은, 무서워하는  ","겁먹은, 무서워하는",brave,"겁먹은, 무서워하는",anxious
95,furnished,VBN,가구가 비치된,가구가 비치된,가구가 비치된,,가구가 비치된,가구가 비치된,,가구가 비치된,provided
96,gaslighted,VBN,"  가스등의, 가스 불빛의.  ","가스등의, 가스 불빛의.  ","가스등의, 가스 불빛의.  ",,"가스등의, 가스 불빛의.  ","가스등의, 가스 불빛의.",,"가스등의, 가스 불빛의.",NaN
97,gated,VBN,문이 있는(운전자가 여닫게 되어 있음),문이 있는(운전자가 여닫게 되어 있음),문이 있는(운전자가 여닫게 되어 있음),,문이 있는(운전자가 여닫게 되어 있음),문이 있는,,문이 있는,assembly
98,gauntleted,VBN,긴 장갑을 낀,긴 장갑을 낀,긴 장갑을 낀,,긴 장갑을 낀,긴 장갑을 낀,,긴 장갑을 낀,gauntlet
99,glandered,VBN,[수의학]  마비저(馬鼻疽)에 걸린,  마비저(馬鼻疽)에 걸린,  마비저(馬鼻疽)에 걸린,,  마비저(馬鼻疽)에 걸린,마비저에 걸린,,마비저에 걸린,NaN
100,globated,VBN,[고어]  공 모양이 된.,  공 모양이 된,  공 모양이 된,,  공 모양이 된,공 모양이 된,,공 모양이 된,NaN
101,glued,VBN,(접착제로) 붙이다 (=stick),(접착제로) 붙이다 (=stick),(접착제로) 붙이다 (=stick),,(접착제로) 붙이다 (=stick),,inattentive,,conscientious
102,gob,VBN,[英 속어]  침을 찍 뱉다 (=spit),  침을 찍 뱉다 (=spit),  침을 찍 뱉다 (=spit),,  침을 찍 뱉다 (=spit),침을 찍 뱉다 ,one,침을 찍 뱉다 ,great deal
103,gorgeted,VBN,(갑옷의) 목가리개를 한.,(갑옷의) 목가리개를 한.,(갑옷의) 목가리개를 한.,,(갑옷의) 목가리개를 한., 목가리개를 한.,, 목가리개를 한.,NaN
104,grassed,VBN,잔디가 덮인,잔디가 덮인,잔디가 덮인,,잔디가 덮인,잔디가 덮인,,잔디가 덮인,NaN
105,greaved,VBN,정강이받이를 댄,정강이받이를 댄,정강이받이를 댄,,정강이받이를 댄,정강이받이를 댄,,정강이받이를 댄,NaN
106,grieved,VBN,"  슬퍼하는, 슬픈  ","슬퍼하는, 슬픈  ","슬퍼하는, 슬픈  ",,"슬퍼하는, 슬픈  ","슬퍼하는, 슬픈",collected,"슬퍼하는, 슬픈",concerned
107,grufted,VBN,"  지저분한, 흙투성이의  ","지저분한, 흙투성이의  ","지저분한, 흙투성이의  ",,"지저분한, 흙투성이의  ","지저분한, 흙투성이의",,"지저분한, 흙투성이의",NaN
108,hackneyed,VBN,진부한 (=clich?d),진부한 (=clich?d),진부한 (=clich?d),,진부한 (=clich?d),진부한 ,new,진부한 ,corny
109,halfhearted,VBN,"  마음이 내키지 않는, 냉담한  ","마음이 내키지 않는, 냉담한  ","마음이 내키지 않는, 냉담한  ",,"마음이 내키지 않는, 냉담한  ","마음이 내키지 않는, 냉담한",lively,"마음이 내키지 않는, 냉담한",listless
110,harehearted,VBN,"  소심한, 겁 많은  ","소심한, 겁 많은  ","소심한, 겁 많은  ",,"소심한, 겁 많은  ","소심한, 겁 많은",,"소심한, 겁 많은",NaN
111,heartbroken,VBN,비통해 하는 (=broken-hearted),비통해 하는 (=broken-hearted),비통해 하는 (=broken-hearted),,비통해 하는 (=broken-hearted),비통해 하는 ,,비통해 하는 ,sad
112,heartfelt,VBN,진심 어린 (=sincere),진심 어린 (=sincere),진심 어린 (=sincere),,진심 어린 (=sincere),진심 어린 ,apathetic,진심 어린 ,cordial
113,hederated,VBN,[구식]  (존경을 받아) 담쟁이덩굴 왕관을 쓴,  (존경을 받아) 담쟁이덩굴 왕관을 쓴,  (존경을 받아) 담쟁이덩굴 왕관을 쓴,,  (존경을 받아) 담쟁이덩굴 왕관을 쓴, 담쟁이덩굴 왕관을 쓴,, 담쟁이덩굴 왕관을 쓴,NaN
114,helmeted,VBN,헬멧을 쓴,헬멧을 쓴,헬멧을 쓴,,헬멧을 쓴,헬멧을 쓴,,헬멧을 쓴,NaN
115,henhearted,VBN,"  겁많은, 소심한  ","겁많은, 소심한  ","겁많은, 소심한  ",,"겁많은, 소심한  ","겁많은, 소심한",,"겁많은, 소심한",NaN
116,historied,VBN,"  역사적으로 유명한, 유서 깊은, 역사 깊은  ","역사적으로 유명한, 유서 깊은, 역사 깊은  ","역사적으로 유명한, 유서 깊은, 역사 깊은  ",,"역사적으로 유명한, 유서 깊은, 역사 깊은  ","역사적으로 유명한, 유서 깊은, 역사 깊은",,"역사적으로 유명한, 유서 깊은, 역사 깊은",NaN
117,honeydewed,VBN,"  단물의, 감로의.  ","단물의, 감로의.  ","단물의, 감로의.  ",,"단물의, 감로의.  ","단물의, 감로의.",,"단물의, 감로의.",NaN
118,hued,VBN,[보통 복합어를 이루어] …색조의, …색조의, …색조의,, …색조의,…색조의,bland,…색조의,clear
119,hurted,VBN,다쳤다((온라인상에서 hurt의 과거형처럼 쓰임)),다쳤다((온라인상에서 hurt의 과거형처럼 쓰임)),다쳤다((온라인상에서 hurt의 과거형처럼 쓰임)),,다쳤다((온라인상에서 hurt의 과거형처럼 쓰임)),다쳤다,,다쳤다,NaN
120,impacted,VBN,(다른 치아에 덮여 자라지 못하고) 이틀에 박혀 있는,(다른 치아에 덮여 자라지 못하고) 이틀에 박혀 있는,(다른 치아에 덮여 자라지 못하고) 이틀에 박혀 있는,,(다른 치아에 덮여 자라지 못하고) 이틀에 박혀 있는, 이틀에 박혀 있는,, 이틀에 박혀 있는,ingrained
121,incorporated,VBN,[상업]  (Abbr.) Inc.. (법인 인가를 받은) 주식회사,  (Abbr,  (Abbr,,  (Abbr,(Abbr,,(Abbr,assimilated
122,incorrupted,VBN,(=INCORRUPT),(=INCORRUPT),(=INCORRUPT),,(=INCORRUPT),,,,NaN
123,indisciplined,VBN,훈련되지 않은.,훈련되지 않은.,훈련되지 않은.,,훈련되지 않은.,훈련되지 않은.,compliant,훈련되지 않은.,fractious
124,infarcted,VBN,[병리]  경색(증)(硬塞(症))의.,  경색(증)(硬塞(症))의,  경색(증)(硬塞(症))의,,  경색(증)(硬塞(症))의,경색의,,경색의,NaN
125,informed,VBN,"  (특정 주제·상황에 대해) 잘[많이] 아는, 정보통인 (→ill-informed, well informed), (↔uninformed)  ",Longer,Longer,,Longer,Longer,uninformed,Longer,knowledgeable
126,insatiated,VBN,(=INSATIABLE),(=INSATIABLE),(=INSATIABLE),,(=INSATIABLE),,,,NaN
127,invised,VBN,"  수정필의, 개정필의, 교정필의, 변경한  ","수정필의, 개정필의, 교정필의, 변경한  ","수정필의, 개정필의, 교정필의, 변경한  ",,"수정필의, 개정필의, 교정필의, 변경한  ","수정필의, 개정필의, 교정필의, 변경한",,"수정필의, 개정필의, 교정필의, 변경한",NaN
128,ironhanded,VBN,"  압제적인, 가혹한  ","압제적인, 가혹한  ","압제적인, 가혹한  ",,"압제적인, 가혹한  ","압제적인, 가혹한",,"압제적인, 가혹한",autocratic
129,ironhearted,VBN,"  무정한, 냉혹한  ","무정한, 냉혹한  ","무정한, 냉혹한  ",,"무정한, 냉혹한  ","무정한, 냉혹한",concerned,"무정한, 냉혹한",apathetic
130,irradiated,VBN,조사된,조사된,조사된,,조사된,조사된,dark,조사된,brilliant
131,lanated,VBN,"  양모 모양의, 양모[부드러운 털]로 덮인  ","양모 모양의, 양모[부드러운 털]로 덮인  ","양모 모양의, 양모[부드러운 털]로 덮인  ",,"양모 모양의, 양모[부드러운 털]로 덮인  ","양모 모양의, 양모로 덮인",,"양모 모양의, 양모로 덮인",NaN
132,lichened,VBN,지의가 난[낀],지의가 난[낀],지의가 난[낀],,지의가 난[낀],지의가 난,,지의가 난,NaN
133,lineated,VBN,(평행한) 줄무늬가 있는,(평행한) 줄무늬가 있는,(평행한) 줄무늬가 있는,,(평행한) 줄무늬가 있는, 줄무늬가 있는,, 줄무늬가 있는,NaN
134,listed,VBN,"  표[명단]에 실린, 전화 번호부에 실려 있는, [증권] 상장(上場)된  ","표[명단]에 실린, 전화 번호부에 실려 있는, [증권] 상장(上場)된  ","표[명단]에 실린, 전화 번호부에 실려 있는, [증권] 상장(上場)된  ",,"표[명단]에 실린, 전화 번호부에 실려 있는, [증권] 상장(上場)된  ",표 상장된,,표 상장된,catalogued
135,lodged,VBN,[문장]  (사슴 따위가) 잠복 자세의.,  (사슴 따위가) 잠복 자세의,  (사슴 따위가) 잠복 자세의,,  (사슴 따위가) 잠복 자세의, 잠복 자세의,unfixed, 잠복 자세의,clogged
136,lowborn,VBN,"  태생이 천한, 천하게 태어난  ","태생이 천한, 천하게 태어난  ","태생이 천한, 천하게 태어난  ",,"태생이 천한, 천하게 태어난  ","태생이 천한, 천하게 태어난",complicated,"태생이 천한, 천하게 태어난",base
137,maculated,VBN,MACULATE.,MACULATE.,MACULATE.,,MACULATE.,MACULATE.,elevate,MACULATE.,contaminate
138,malformed,VBN,"[전문 용어]  기형인, 흉하게 일그러진  ","  기형인, 흉하게 일그러진  ","  기형인, 흉하게 일그러진  ",,"  기형인, 흉하게 일그러진  ","기형인, 흉하게 일그러진",regular,"기형인, 흉하게 일그러진",contorted
139,malposed,VBN,"  위치가 나쁜, 위치 이상의.  ","위치가 나쁜, 위치 이상의.  ","위치가 나쁜, 위치 이상의.  ",,"위치가 나쁜, 위치 이상의.  ","위치가 나쁜, 위치 이상의.",,"위치가 나쁜, 위치 이상의.",NaN
140,mammillated,VBN,"  유두가 있는, 유두 모양의 돌기[기관]가 있는  ","유두가 있는, 유두 모양의 돌기[기관]가 있는  ","유두가 있는, 유두 모양의 돌기[기관]가 있는  ",,"유두가 있는, 유두 모양의 돌기[기관]가 있는  ","유두가 있는, 유두 모양의 돌기가 있는",,"유두가 있는, 유두 모양의 돌기가 있는",NaN
141,marbled,VBN,대리석 색깔[무늬]의,대리석 색깔[무늬]의,대리석 색깔[무늬]의,,대리석 색깔[무늬]의,대리석 색깔의,,대리석 색깔의,checkered
142,marblehearted,VBN,"  무정한, 냉혹한  ","무정한, 냉혹한  ","무정한, 냉혹한  ",,"무정한, 냉혹한  ","무정한, 냉혹한",,"무정한, 냉혹한",NaN
143,marginated,VBN,"  가장자리가 있는, [곤충] 특수한 색[모양]의 가장자리가 있는      2.    [타동사]  …에 가장자리를 달다, [상업] 마진[이윤]을 붙이다  ",Longer,Longer,,Longer,Longer,,Longer,NaN
144,measured,VBN,"  신중한, 침착한  ","신중한, 침착한  ","신중한, 침착한  ",,"신중한, 침착한  ","신중한, 침착한",unsystematic,"신중한, 침착한",deliberate
145,medullated,VBN,"  [해부] 골수[연수]가 있는, 수초(髓?)가 있는, [식물] 고갱이가 있는  ","[해부] 골수[연수]가 있는, 수초(髓?)가 있는, [식물] 고갱이가 있는  ","[해부] 골수[연수]가 있는, 수초(髓?)가 있는, [식물] 고갱이가 있는  ",,"[해부] 골수[연수]가 있는, 수초(髓?)가 있는, [식물] 고갱이가 있는  ", 고갱이가 있는,, 고갱이가 있는,NaN
146,merited,VBN,"  가치 있는, 당연한, 상응한  ","가치 있는, 당연한, 상응한  ","가치 있는, 당연한, 상응한  ",,"가치 있는, 당연한, 상응한  ","가치 있는, 당연한, 상응한",incorrect,"가치 있는, 당연한, 상응한",fit
147,mononucleated,VBN,[生]  단핵의 (mononuclear),  단핵의 (mononuclear),  단핵의 (mononuclear),,  단핵의 (mononuclear),단핵의 ,,단핵의 ,NaN
148,monosubstituted,VBN,[화학]  1치환기(置換基)의.,  1치환기(置換基)의,  1치환기(置換基)의,,  1치환기(置換基)의,1치환기의,,1치환기의,NaN
149,mown,VBN,"  벤, 베어진, 베어 들인  ","벤, 베어진, 베어 들인  ","벤, 베어진, 베어 들인  ",,"벤, 베어진, 베어 들인  ","벤, 베어진, 베어 들인",,"벤, 베어진, 베어 들인",trim
150,multifaceted,VBN,[격식]  다면적인,  다면적인,  다면적인,,  다면적인,다면적인,similar,다면적인,varied
151,multihued,VBN,(=multicolored),(=multicolored),(=multicolored),,(=multicolored),,,,discolored
152,myelinated,VBN,[해부]  골수(骨髓)가 있는(medullated).,  골수(骨髓)가 있는(medullated),  골수(骨髓)가 있는(medullated),,  골수(骨髓)가 있는(medullated),골수,,골수,NaN
153,nearsighted,VBN,"[특히 美]  (=short-sighted), (↔far-sighted)  ","  (=short-sighted), (↔far-sighted)  ","  (=short-sighted), (↔far-sighted)  ",,"  (=short-sighted), (↔far-sighted)  ",,,,blind as a bat
154,nectared,VBN,넥타를 가득 채운[섞은],넥타를 가득 채운[섞은],넥타를 가득 채운[섞은],,넥타를 가득 채운[섞은],넥타를 가득 채운,,넥타를 가득 채운,NaN
155,nectaried,VBN,[식물]  (꿀물을 분비하는) 밀선(蜜腺)이 있는.,  (꿀물을 분비하는) 밀선(蜜腺)이 있는,  (꿀물을 분비하는) 밀선(蜜腺)이 있는,,  (꿀물을 분비하는) 밀선(蜜腺)이 있는,이 있는,,이 있는,NaN
156,newlywed,VBN,신혼의,신혼의,신혼의,,신혼의,신혼의,groom,신혼의,old woman
157,nodulated,VBN,작은 마디 [혹]가 있는.,작은 마디 [혹]가 있는.,작은 마디 [혹]가 있는.,,작은 마디 [혹]가 있는.,작은 마디 가 있는.,,작은 마디 가 있는.,NaN
158,nonaffiliated,VBN,"  소속되어 있지 않은, 비소속의  ","소속되어 있지 않은, 비소속의  ","소속되어 있지 않은, 비소속의  ",,"소속되어 있지 않은, 비소속의  ","소속되어 있지 않은, 비소속의",,"소속되어 있지 않은, 비소속의",NaN
159,noncommissioned,VBN,"  위임장이 없는, (장교로) 임관되지 않은  ","위임장이 없는, (장교로) 임관되지 않은  ","위임장이 없는, (장교로) 임관되지 않은  ",,"위임장이 없는, (장교로) 임관되지 않은  ","위임장이 없는,  임관되지 않은",,"위임장이 없는,  임관되지 않은",NaN
160,notified,VBN,(공식적으로) 알리다[통고/통지하다] (=inform),(공식적으로) 알리다[통고/통지하다] (=inform),(공식적으로) 알리다[통고/통지하다] (=inform),,(공식적으로) 알리다[통고/통지하다] (=inform),,,,cautioned
161,ocellated,VBN,"  홑눈[안점]이 있는, 눈알무늬가 있는  ","홑눈[안점]이 있는, 눈알무늬가 있는  ","홑눈[안점]이 있는, 눈알무늬가 있는  ",,"홑눈[안점]이 있는, 눈알무늬가 있는  ","홑눈이 있는, 눈알무늬가 있는",,"홑눈이 있는, 눈알무늬가 있는",NaN
162,offset,VBN,오프셋 인쇄의,오프셋 인쇄의,오프셋 인쇄의,,오프셋 인쇄의,오프셋 인쇄의,disproportion,오프셋 인쇄의,cancel out
163,outsized,VBN,(=OUTSIZE),(=OUTSIZE),(=OUTSIZE),,(=OUTSIZE),,,,NaN
164,outyield,VBN,…보다 많이 산출[생산]하다.,…보다 많이 산출[생산]하다.,…보다 많이 산출[생산]하다.,,…보다 많이 산출[생산]하다.,…보다 많이 산출하다.,,…보다 많이 산출하다.,NaN
165,overparted,VBN,(배우의 능력 이상으로) 연기력을 요구하는,(배우의 능력 이상으로) 연기력을 요구하는,(배우의 능력 이상으로) 연기력을 요구하는,,(배우의 능력 이상으로) 연기력을 요구하는, 연기력을 요구하는,, 연기력을 요구하는,NaN
166,oversized,VBN,"  특대의, 너무 큰  ","특대의, 너무 큰  ","특대의, 너무 큰  ",,"특대의, 너무 큰  ","특대의, 너무 큰",,"특대의, 너무 큰",bag
167,palsied,VBN,"  중풍에 걸린, 마비된  ","중풍에 걸린, 마비된  ","중풍에 걸린, 마비된  ",,"중풍에 걸린, 마비된  ","중풍에 걸린, 마비된",steady,"중풍에 걸린, 마비된",disabled
168,panicked,VBN,"  겁에 질려 어쩔 줄 모르다[모르게 하다], 공황 상태에 빠지다[빠지게 하다]  ","겁에 질려 어쩔 줄 모르다[모르게 하다], 공황 상태에 빠지다[빠지게 하다]  ","겁에 질려 어쩔 줄 모르다[모르게 하다], 공황 상태에 빠지다[빠지게 하다]  ",,"겁에 질려 어쩔 줄 모르다[모르게 하다], 공황 상태에 빠지다[빠지게 하다]  ",겁에 질려 어쩔 줄 모르다,,겁에 질려 어쩔 줄 모르다,distressed
169,peed,VBN,[비격식]  오줌을 누다 (=urinate)      2.    [명사][비격식]  오줌 누기      3.    [명사]  오줌,  오줌을 누다 (=urinate)      2,  오줌을 누다 (=urinate)      2,,  오줌을 누다 (=urinate)      2,오줌을 누다  2,,오줌을 누다  2,annoyed
170,peeved,VBN,[비격식]  짜증이 난,  짜증이 난,  짜증이 난,,  짜증이 난,짜증이 난,,짜증이 난,cross
171,pencilled,VBN,연필로 쓰다[그리다/표하다],연필로 쓰다[그리다/표하다],연필로 쓰다[그리다/표하다],,연필로 쓰다[그리다/표하다],연필로 쓰다,ignore,연필로 쓰다,compose
172,pennoned,VBN,창기를 단,창기를 단,창기를 단,,창기를 단,창기를 단,,창기를 단,NaN
173,perjured,VBN,"  위증한, 위증죄를 범한  ","위증한, 위증죄를 범한  ","위증한, 위증죄를 범한  ",,"위증한, 위증죄를 범한  ","위증한, 위증죄를 범한",,"위증한, 위증죄를 범한",forsworn
174,perverted,VBN,"  (많은 사람들이 보기에) 비정상적인, 도착된  ","(많은 사람들이 보기에) 비정상적인, 도착된  ","(많은 사람들이 보기에) 비정상적인, 도착된  ",,"(많은 사람들이 보기에) 비정상적인, 도착된  "," 비정상적인, 도착된",cleansed," 비정상적인, 도착된",abused
175,pied,VBN,(특히 흑백) 얼룩무늬인,(특히 흑백) 얼룩무늬인,(특히 흑백) 얼룩무늬인,,(특히 흑백) 얼룩무늬인, 얼룩무늬인,, 얼룩무늬인,discolored
176,pigeonhearted,VBN,"  마음이 약한, 겁많은, 수줍은  ","마음이 약한, 겁많은, 수줍은  ","마음이 약한, 겁많은, 수줍은  ",,"마음이 약한, 겁많은, 수줍은  ","마음이 약한, 겁많은, 수줍은",brave,"마음이 약한, 겁많은, 수줍은",afraid
177,pinched,VBN,"  파리한, 초췌한  ","파리한, 초췌한  ","파리한, 초췌한  ",,"파리한, 초췌한  ","파리한, 초췌한",rich,"파리한, 초췌한",exhausted
178,plushed,VBN,"  플러시 천으로 만든 , 플러시 천 바지를 입은.  ","플러시 천으로 만든 , 플러시 천 바지를 입은.  ","플러시 천으로 만든 , 플러시 천 바지를 입은.  ",,"플러시 천으로 만든 , 플러시 천 바지를 입은.  ","플러시 천으로 만든 , 플러시 천 바지를 입은.",,"플러시 천으로 만든 , 플러시 천 바지를 입은.",NaN
179,pollened,VBN,수분(授粉)된.,수분(授粉)된.,수분(授粉)된.,,수분(授粉)된.,수분된.,,수분된.,NaN
180,possessed,VBN,홀린,홀린,홀린,,홀린,홀린,,홀린,enchanted
181,pouched,VBN,"  주머니가 있는, 주머니 모양의  ","주머니가 있는, 주머니 모양의  ","주머니가 있는, 주머니 모양의  ",,"주머니가 있는, 주머니 모양의  ","주머니가 있는, 주머니 모양의",depress,"주머니가 있는, 주머니 모양의",bulge
182,preambled,VBN,"  머리말이 있는 , (조약· 법령 따위의) 전문(前文)이 있는.  ","머리말이 있는 , (조약· 법령 따위의) 전문(前文)이 있는.  ","머리말이 있는 , (조약· 법령 따위의) 전문(前文)이 있는.  ",,"머리말이 있는 , (조약· 법령 따위의) 전문(前文)이 있는.  ","머리말이 있는 , 이 있는.",,"머리말이 있는 , 이 있는.",NaN
183,precedented,VBN,"  전례가 있는(opp. unprecedented), 전례로써 지지되는  ","전례가 있는(opp. unprecedented), 전례로써 지지되는  ","전례가 있는(opp. unprecedented), 전례로써 지지되는  ",,"전례가 있는(opp. unprecedented), 전례로써 지지되는  ","전례가 있는, 전례로써 지지되는",illegitimate,"전례가 있는, 전례로써 지지되는",contractual
184,preconceived,VBN,사전에 형성된,사전에 형성된,사전에 형성된,,사전에 형성된,사전에 형성된,fresh,사전에 형성된,bitter
185,preoccupied,VBN,(어떤 생각·걱정에) 사로잡힌[정신이 팔린],(어떤 생각·걱정에) 사로잡힌[정신이 팔린],(어떤 생각·걱정에) 사로잡힌[정신이 팔린],,(어떤 생각·걱정에) 사로잡힌[정신이 팔린], 사로잡힌,disenthralled, 사로잡힌,bemused
186,priced,VBN,값이 붙은,값이 붙은,값이 붙은,,값이 붙은,값이 붙은,,값이 붙은,costing
187,punctated,VBN,"[생물·의학]  반점의, 작은 반점이 있는, 오목한 데가 있는  ","  반점의, 작은 반점이 있는, 오목한 데가 있는  ","  반점의, 작은 반점이 있는, 오목한 데가 있는  ",,"  반점의, 작은 반점이 있는, 오목한 데가 있는  ","반점의, 작은 반점이 있는, 오목한 데가 있는",,"반점의, 작은 반점이 있는, 오목한 데가 있는",besprinkle
188,quarried,VBN,"  (채석장에서 돌 등을) 캐내다, 채석하다  ","(채석장에서 돌 등을) 캐내다, 채석하다  ","(채석장에서 돌 등을) 캐내다, 채석하다  ",,"(채석장에서 돌 등을) 캐내다, 채석하다  "," 캐내다, 채석하다",," 캐내다, 채석하다",excavate
189,quilted,VBN,누비로 된,누비로 된,누비로 된,,누비로 된,누비로 된,,누비로 된,motley
190,rattled,VBN,"  [구어] 난처한, 낭패인; [구어] 만취한  ","[구어] 난처한, 낭패인; [구어] 만취한  ","[구어] 난처한, 낭패인; [구어] 만취한  ",,"[구어] 난처한, 낭패인; [구어] 만취한  ", 만취한,oriented, 만취한,bugged
191,raven,VBN,[문예체]  검고 윤기 나는,  검고 윤기 나는,  검고 윤기 나는,,  검고 윤기 나는,검고 윤기 나는,sunny,검고 윤기 나는,unlighted
192,reawaken,VBN,(어떤 감정·기억을) 다시 불러일으키다[되살리다/환기시키다] (=rekindle),(어떤 감정·기억을) 다시 불러일으키다[되살리다/환기시키다] (=rekindle),(어떤 감정·기억을) 다시 불러일으키다[되살리다/환기시키다] (=rekindle),,(어떤 감정·기억을) 다시 불러일으키다[되살리다/환기시키다] (=rekindle),,calm,,awaken
193,refracted,VBN,[물리]  굴절시키다,  굴절시키다,  굴절시키다,,  굴절시키다,굴절시키다,rise,굴절시키다,arch
194,resolved,VBN,"[격식]  굳게 결심한, 단호한  ","  굳게 결심한, 단호한  ","  굳게 결심한, 단호한  ",,"  굳게 결심한, 단호한  ","굳게 결심한, 단호한",flexible,"굳게 결심한, 단호한",decided
195,retorted,VBN,"  쏘아붙이다, 응수[대꾸]하다      2.    [명사]  쏘아붙이기, 응수, 대꾸 (=rejoinder, riposte)      3.    [명사]  (화학 실험용) 증류기  ",Longer,Longer,,Longer,Longer,question,Longer,counter
196,rivered,VBN,하천[강]이 있는,하천[강]이 있는,하천[강]이 있는,,하천[강]이 있는,하천이 있는,,하천이 있는,NaN
197,rosed,VBN,"  장밋빛의, 붉게 물든.  ","장밋빛의, 붉게 물든.  ","장밋빛의, 붉게 물든.  ",,"장밋빛의, 붉게 물든.  ","장밋빛의, 붉게 물든.",whiten,"장밋빛의, 붉게 물든.",color
198,saved,VBN,저장된,저장된,저장된,,저장된,저장된,unprotected,저장된,released
199,selected,VBN,"  선택된(chosen), 선발된(picked out), 정선[엄선]된  ","선택된(chosen), 선발된(picked out), 정선[엄선]된  ","선택된(chosen), 선발된(picked out), 정선[엄선]된  ",,"선택된(chosen), 선발된(picked out), 정선[엄선]된  ","선택된, 정선된",,"선택된, 정선된",preferred
200,semidomed,VBN,반원형 지붕의.,반원형 지붕의.,반원형 지붕의.,,반원형 지붕의.,반원형 지붕의.,,반원형 지붕의.,NaN
201,semidomesticated,VBN,"  (야생 동물이) 반사육 상태인, 반쯤 길들여진. (또는 semidomestic)  ","(야생 동물이) 반사육 상태인, 반쯤 길들여진. (또는 semidomestic)  ","(야생 동물이) 반사육 상태인, 반쯤 길들여진. (또는 semidomestic)  ",,"(야생 동물이) 반사육 상태인, 반쯤 길들여진. (또는 semidomestic)  ",,,,NaN
202,shaken,VBN,"  충격을 받은, 화가 난, 겁먹은  ","충격을 받은, 화가 난, 겁먹은  ","충격을 받은, 화가 난, 겁먹은  ",,"충격을 받은, 화가 난, 겁먹은  ","충격을 받은, 화가 난, 겁먹은",,"충격을 받은, 화가 난, 겁먹은",jolted
203,shedded,VBN,"  잘게 조각난, [미·속어] 술 취한  ","잘게 조각난, [미·속어] 술 취한  ","잘게 조각난, [미·속어] 술 취한  ",,"잘게 조각난, [미·속어] 술 취한  ","잘게 조각난,  술 취한",,"잘게 조각난,  술 취한",NaN
204,slatted,VBN,작은 나무 조각들로 된,작은 나무 조각들로 된,작은 나무 조각들로 된,,작은 나무 조각들로 된,작은 나무 조각들로 된,,작은 나무 조각들로 된,NaN
205,slaveborn,VBN,노예로 태어난,노예로 태어난,노예로 태어난,,노예로 태어난,노예로 태어난,,노예로 태어난,NaN
206,slippered,VBN,실내화를 신은,실내화를 신은,실내화를 신은,,실내화를 신은,실내화를 신은,,실내화를 신은,NaN
207,softhearted,VBN,"  마음씨 고운, 인정 많은, 자애로운, 동정심 있는  ","마음씨 고운, 인정 많은, 자애로운, 동정심 있는  ","마음씨 고운, 인정 많은, 자애로운, 동정심 있는  ",,"마음씨 고운, 인정 많은, 자애로운, 동정심 있는  ","마음씨 고운, 인정 많은, 자애로운, 동정심 있는",,"마음씨 고운, 인정 많은, 자애로운, 동정심 있는",benevolent
208,spangled,VBN,"  스팽글로 장식하다 (→Star-Spangled Banner)      2.    [명사]  스팽글(옷에 장식으로 붙이는, 반짝거리는 얇은 조각), (=sequin)  ",Longer,Longer,,Longer,Longer,empty,Longer,dotted
209,spirited,VBN,"  기백이 넘치는, 활발한 (→dispirited, high-spirited, public-spirited)  ",Longer,Longer,,Longer,Longer,apathetic,Longer,bold
210,stealth,VBN,스텔스기의(레이더가 탐지하기 힘들게 만든),스텔스기의(레이더가 탐지하기 힘들게 만든),스텔스기의(레이더가 탐지하기 힘들게 만든),,스텔스기의(레이더가 탐지하기 힘들게 만든),스텔스기의,,스텔스기의,furtiveness
211,stouthearted,VBN,"[문어]  용감한, 대담한  ","  용감한, 대담한  ","  용감한, 대담한  ",,"  용감한, 대담한  ","용감한, 대담한",,"용감한, 대담한",bold
212,striated,VBN,"  줄[줄무늬, 홈]이 있는; 선[실] 모양의  ","줄[줄무늬, 홈]이 있는; 선[실] 모양의  ","줄[줄무늬, 홈]이 있는; 선[실] 모양의  ",,"줄[줄무늬, 홈]이 있는; 선[실] 모양의  ",줄 모양의,earnest,줄 모양의,cleft
213,stronghearted,VBN,용감한(brave),용감한(brave),용감한(brave),,용감한(brave),용감한,,용감한,NaN
214,studied,VBN,[격식]  세심하게 계획된,  세심하게 계획된,  세심하게 계획된,,  세심하게 계획된,세심하게 계획된,spontaneous,세심하게 계획된,considered
215,sturdied,VBN,[격식]  세심하게 계획된,  세심하게 계획된,  세심하게 계획된,,  세심하게 계획된,세심하게 계획된,,세심하게 계획된,NaN
216,subsaturated,VBN,아(亞)포화의.,아(亞)포화의.,아(亞)포화의.,,아(亞)포화의.,아포화의.,,아포화의.,NaN
217,sunspotted,VBN,태양 흑점의.,태양 흑점의.,태양 흑점의.,,태양 흑점의.,태양 흑점의.,,태양 흑점의.,NaN
218,superposed,VBN,(다른 것의) 위에 놓다[겹쳐 놓다],(다른 것의) 위에 놓다[겹쳐 놓다],(다른 것의) 위에 놓다[겹쳐 놓다],,(다른 것의) 위에 놓다[겹쳐 놓다], 위에 놓다,reveal, 위에 놓다,bury
219,swagbellied,VBN,"  배불뚝이의, 올챙이 배의.  ","배불뚝이의, 올챙이 배의.  ","배불뚝이의, 올챙이 배의.  ",,"배불뚝이의, 올챙이 배의.  ","배불뚝이의, 올챙이 배의.",,"배불뚝이의, 올챙이 배의.",NaN
220,swayed,VBN,(=SWAYBACKED),(=SWAYBACKED),(=SWAYBACKED),,(=SWAYBACKED),,capricious,,determined
221,swiveleyed,VBN,사팔뜨기의.,사팔뜨기의.,사팔뜨기의.,,사팔뜨기의.,사팔뜨기의.,,사팔뜨기의.,NaN
222,swonken,VBN,swink의 과거분사.,swink의 과거분사.,swink의 과거분사.,,swink의 과거분사.,swink의 과거분사.,,swink의 과거분사.,NaN
223,taken,VBN,TAKE의 과거분사,TAKE의 과거분사,TAKE의 과거분사,,TAKE의 과거분사,TAKE의 과거분사,,TAKE의 과거분사,arrested
224,tenderhearted,VBN,"  다정한, 다감한, 상냥한, 정에 약한, 동정심 있는, 인정 많은  ","다정한, 다감한, 상냥한, 정에 약한, 동정심 있는, 인정 많은  ","다정한, 다감한, 상냥한, 정에 약한, 동정심 있는, 인정 많은  ",,"다정한, 다감한, 상냥한, 정에 약한, 동정심 있는, 인정 많은  ","다정한, 다감한, 상냥한, 정에 약한, 동정심 있는, 인정 많은",,"다정한, 다감한, 상냥한, 정에 약한, 동정심 있는, 인정 많은",all heart
225,tented,VBN,"  텐트[천막]들로 이뤄진, 텐트[천막] 같은  ","텐트[천막]들로 이뤄진, 텐트[천막] 같은  ","텐트[천막]들로 이뤄진, 텐트[천막] 같은  ",,"텐트[천막]들로 이뤄진, 텐트[천막] 같은  ",텐트 같은,,텐트 같은,bivouac
226,thrown,VBN,꼰,꼰,꼰,,꼰,꼰,,꼰,
227,tied,VBN,"[英]  사택(社宅)의, 고용인에게 빌려주는  ","  사택(社宅)의, 고용인에게 빌려주는  ","  사택(社宅)의, 고용인에게 빌려주는  ",,"  사택(社宅)의, 고용인에게 빌려주는  ","사택의, 고용인에게 빌려주는",,"사택의, 고용인에게 빌려주는",bound
228,titled,VBN,작위가 있는[붙은],작위가 있는[붙은],작위가 있는[붙은],,작위가 있는[붙은],작위가 있는,,작위가 있는,blue-blooded
229,turbinated,VBN,TURBINATE.,TURBINATE.,TURBINATE.,,TURBINATE.,TURBINATE.,,TURBINATE.,NaN
230,turreted,VBN,작은 탑이 있는,작은 탑이 있는,작은 탑이 있는,,작은 탑이 있는,작은 탑이 있는,,작은 탑이 있는,NaN
231,uncompleted,VBN,완료되지 않은,완료되지 않은,완료되지 않은,,완료되지 않은,완료되지 않은,dirty,완료되지 않은,barren
232,unconfined,VBN,"[격식]  제한을 받지 않는, 무한정의  ","  제한을 받지 않는, 무한정의  ","  제한을 받지 않는, 무한정의  ",,"  제한을 받지 않는, 무한정의  ","제한을 받지 않는, 무한정의",,"제한을 받지 않는, 무한정의",asunder
233,uncontaminated,VBN,오염되지 않은 (↔contaminated),오염되지 않은 (↔contaminated),오염되지 않은 (↔contaminated),,오염되지 않은 (↔contaminated),오염되지 않은 ,defiled,오염되지 않은 ,monogamous
234,unembellished,VBN,"  장식되지 않은, 수수한, 산뜻한.  ","장식되지 않은, 수수한, 산뜻한.  ","장식되지 않은, 수수한, 산뜻한.  ",,"장식되지 않은, 수수한, 산뜻한.  ","장식되지 않은, 수수한, 산뜻한.",decorated,"장식되지 않은, 수수한, 산뜻한.",basic
235,unenslaved,VBN,"  노예로 되지 않은, 해방된(emancipated), 매혹되지 않은.  ","노예로 되지 않은, 해방된(emancipated), 매혹되지 않은.  ","노예로 되지 않은, 해방된(emancipated), 매혹되지 않은.  ",,"노예로 되지 않은, 해방된(emancipated), 매혹되지 않은.  ","노예로 되지 않은, 해방된, 매혹되지 않은.",occupied,"노예로 되지 않은, 해방된, 매혹되지 않은.",democratic
236,unexpurgated,VBN,"  (책 등의 도발적인 내용이) 삭제되지 않은, 원본 그대로의  ","(책 등의 도발적인 내용이) 삭제되지 않은, 원본 그대로의  ","(책 등의 도발적인 내용이) 삭제되지 않은, 원본 그대로의  ",,"(책 등의 도발적인 내용이) 삭제되지 않은, 원본 그대로의  "," 삭제되지 않은, 원본 그대로의",," 삭제되지 않은, 원본 그대로의",entire
237,unharvested,VBN,수확되지 않은.,수확되지 않은.,수확되지 않은.,,수확되지 않은.,수확되지 않은.,,수확되지 않은.,NaN
238,unmodulated,VBN,(음·소리 따위가) 조절되지 않은.,(음·소리 따위가) 조절되지 않은.,(음·소리 따위가) 조절되지 않은.,,(음·소리 따위가) 조절되지 않은., 조절되지 않은.,, 조절되지 않은.,NaN
239,unperfected,VBN,완성되지 않은,완성되지 않은,완성되지 않은,,완성되지 않은,완성되지 않은,,완성되지 않은,crude
240,unplagued,VBN,괴롭혀지지 않은.,괴롭혀지지 않은.,괴롭혀지지 않은.,,괴롭혀지지 않은.,괴롭혀지지 않은.,,괴롭혀지지 않은.,NaN
241,unsated,VBN,"  총족되지 않은, 만족스럽지 못한.  ","총족되지 않은, 만족스럽지 못한.  ","총족되지 않은, 만족스럽지 못한.  ",,"총족되지 않은, 만족스럽지 못한.  ","총족되지 않은, 만족스럽지 못한.",happy,"총족되지 않은, 만족스럽지 못한.",annoyed
242,unsewed,VBN,"  바느질하지 않은, 꿰매 맞추지[잇지] 않은.  ","바느질하지 않은, 꿰매 맞추지[잇지] 않은.  ","바느질하지 않은, 꿰매 맞추지[잇지] 않은.  ",,"바느질하지 않은, 꿰매 맞추지[잇지] 않은.  ","바느질하지 않은, 꿰매 맞추지 않은.",,"바느질하지 않은, 꿰매 맞추지 않은.",NaN
243,untransacted,VBN,번역되지 않은,번역되지 않은,번역되지 않은,,번역되지 않은,번역되지 않은,,번역되지 않은,NaN
244,used,VBN,익숙한,익숙한,익숙한,,익숙한,익숙한,,익숙한,worn
245,vallated,VBN,"  이랑[둑]으로 경계지어진, 누벽의, 보루의  ","이랑[둑]으로 경계지어진, 누벽의, 보루의  ","이랑[둑]으로 경계지어진, 누벽의, 보루의  ",,"이랑[둑]으로 경계지어진, 누벽의, 보루의  ","이랑으로 경계지어진, 누벽의, 보루의",,"이랑으로 경계지어진, 누벽의, 보루의",NaN
246,varicated,VBN,"  (의학) 정맥류가 있는 , (조개류) 나선층 융기가 있는.  ","(의학) 정맥류가 있는 , (조개류) 나선층 융기가 있는.  ","(의학) 정맥류가 있는 , (조개류) 나선층 융기가 있는.  ",,"(의학) 정맥류가 있는 , (조개류) 나선층 융기가 있는.  ", 나선층 융기가 있는.,, 나선층 융기가 있는.,NaN
247,velated,VBN,뒤늦은,뒤늦은,뒤늦은,,뒤늦은,뒤늦은,,뒤늦은,NaN
248,waved,VBN,"  파도 모양의, 기복이 있는  ","파도 모양의, 기복이 있는  ","파도 모양의, 기복이 있는  ",,"파도 모양의, 기복이 있는  ","파도 모양의, 기복이 있는",,"파도 모양의, 기복이 있는",curled
249,weighted,VBN,"  (한쪽에 유·불리하게) 치우친, 편중된 (=biased)  ","(한쪽에 유·불리하게) 치우친, 편중된 (=biased)  ","(한쪽에 유·불리하게) 치우친, 편중된 (=biased)  ",,"(한쪽에 유·불리하게) 치우친, 편중된 (=biased)  ",,deficient,,big
250,wholehearted,VBN,"[호감]  전폭적인, 전적인  ","  전폭적인, 전적인  ","  전폭적인, 전적인  ",,"  전폭적인, 전적인  ","전폭적인, 전적인",halfhearted,"전폭적인, 전적인",ardent
251,writhed,VBN,(흔히 극심한 고통으로) 온몸을 비틀다,(흔히 극심한 고통으로) 온몸을 비틀다,(흔히 극심한 고통으로) 온몸을 비틀다,,(흔히 극심한 고통으로) 온몸을 비틀다, 온몸을 비틀다,, 온몸을 비틀다,squirm
